id,name,initials,role,connected,email,source,service,forWho,connectedOn,amber,amount
aarav,Aarav Reddy,AR,student,1,aarav.r@gmail.com,Recommended match,College shortlisting,,2026-09-12 11:10,0,1999
meera,Meera Kapoor,MK,student,1,meera.k@gmail.com,Visited profile,SOP review,,2026-09-03 14:20,0,1999
sohan,Sohan Nair,SN,student,1,sohan.n@gmail.com,From chat share,,,2026-09-18 16:05,0,1999
jia,Jia Das,JD,student,1,jia.das@gmail.com,Recommended match,,,2026-07-01 18:00,0,1999
tanvi,Tanvi Nanda,TN,student,1,tanvi.n@gmail.com,From Community,Essay workshop,,2026-06-20 10:00,0,1999
ravi,Ravi Kapoor,RK,parent,1,ravi.k@gmail.com,Visited profile,,For Meera Kapoor,2026-09-08 17:00,0,1999
ananya,Ananya Iyer,AI,parent,1,ananya.i@gmail.com,Recommended match,Pathway consult,For Kabir Iyer,2026-05-02 12:00,0,1999
p4fe8b42e,Aisha Das,AD,parent,0,aisha.das@gmail.com,Visited profile,,,,1,
p4283c2be,Vivaan Das,VD,student,0,vivaan.das@gmail.com,From chat share,,,,1,
p0de666ad,Nikhil Kapoor,NK,parent,1,nikhil.kapoor@gmail.com,Recommended match,College shortlisting,,2026-08-25 00:20,0,1999
p4d755649,Naina Rao,NR,student,0,naina.rao@gmail.com,Visited profile,,,,0,
p64e12f1e,Aarav Bhat,AB,student,0,aarav.bhat@gmail.com,From Community,,,,0,
p24ae4e27,Neel Malhotra,NM,student,0,neel.malhotra@gmail.com,Recommended match,,,,1,
p8a66d229,Ananya Joshi,AJ,student,0,ananya.joshi@gmail.com,Visited profile,,,,0,
p3454b490,Kiara Khan,KK,student,0,kiara.khan@gmail.com,Visited profile,,,,0,
pe7c1c7b5,Veer Trivedi,VT,student,0,veer.trivedi@gmail.com,Recommended match,,,,0,
pf007bdc1,Myra Malhotra,MM,student,1,myra.malhotra@gmail.com,Recommended match,Visa readiness,,2026-09-21 05:15,0,1999
pefdf7a5e,Aditi Saxena,AS,parent,0,aditi.saxena@gmail.com,Recommended match,,,,0,
p4da68559,Rahul Iyer,RI,student,1,rahul.iyer@gmail.com,Visited profile,Parent consult,,2026-07-27 17:45,0,1999
pe105b7ef,Zara Chawla,ZC,parent,0,zara.chawla@gmail.com,Recommended match,,,,1,
pa684b853,Anika Sharma,AS,student,0,anika.sharma@gmail.com,From Community,,,,0,
pa643f62f,Sahil Mehta,SM,student,0,sahil.mehta@gmail.com,Recommended match,,,,1,
p8113578d,Sohan Menon,SM,student,0,sohan.menon@gmail.com,Visited profile,,,,1,
p15982c72,Myra Jain,MJ,student,1,myra.jain@gmail.com,From Community,Parent consult,,2026-09-02 13:40,0,1999
p41f5241c,Priya Nanda,PN,student,0,priya.nanda@gmail.com,Recommended match,,,,0,
pc5f1f966,Ishaan Singh,IS,student,0,ishaan.singh@gmail.com,From chat share,,,,1,
p6df7401e,Isha Verma,IV,student,0,isha.verma@gmail.com,From chat share,,,,0,
p0674066e,Neel Chawla,NC,parent,0,neel.chawla@gmail.com,From chat share,,,,0,
p2a528afd,Anika Patel,AP,student,0,anika.patel@gmail.com,From Community,,,,0,
p0bdca02b,Veer Saxena,VS,student,0,veer.saxena@gmail.com,From Community,,,,1,
p21fa8596,Tara Bhat,TB,student,0,tara.bhat@gmail.com,From chat share,,,,1,
p0e9d65a2,Nikhil Iyer,NI,student,0,nikhil.iyer@gmail.com,Recommended match,,,,0,
p74e86027,Priya Verma,PV,student,0,priya.verma@gmail.com,Visited profile,,,,1,
p360ebb41,Aisha Trivedi,AT,student,0,aisha.trivedi@gmail.com,Recommended match,,,,1,
pcc4bac42,Rahul Bhat,RB,parent,0,rahul.bhat@gmail.com,From chat share,,,,0,
p717901ee,Aarav Banerjee,AB,student,1,aarav.banerjee@gmail.com,From Community,,,2026-08-01 23:20,0,1999
p46f27968,Arjun Bose,AB,parent,0,arjun.bose@gmail.com,From chat share,,,,0,
p0ccde525,Ravi Kulkarni,RK,student,1,ravi.kulkarni@gmail.com,Recommended match,,,2026-09-15 09:50,0,1999
pdc05785f,Isha Ahuja,IA,student,0,isha.ahuja@gmail.com,From Community,,,,0,
p5bb22cab,Zara Singh,ZS,student,0,zara.singh@gmail.com,From Community,,,,0,
p1514dd02,Naina Malhotra,NM,student,0,naina.malhotra@gmail.com,Visited profile,,,,0,
p452fc3a5,Rahul Khan,RK,student,0,rahul.khan@gmail.com,From Community,,,,1,
p18070452,Tanvi Mehta,TM,parent,0,tanvi.mehta@gmail.com,From chat share,,,,0,
pa6942f57,Aarav Nair,AN,student,1,aarav.nair@gmail.com,Recommended match,College shortlisting,,2026-09-23 00:20,0,1999
p9a689e94,Tanvi Verma,TV,student,0,tanvi.verma@gmail.com,From Community,,,,1,
p14089ba0,Isha Kulkarni,IK,student,0,isha.kulkarni@gmail.com,Visited profile,,,,0,
p78194bca,Sneha Menon,SM,student,1,sneha.menon@gmail.com,From Community,,,2026-08-06 07:05,0,1999
pe19a0eef,Pooja Khan,PK,student,1,pooja.khan@gmail.com,From Community,,,2026-08-31 10:35,0,1999
pc04e6f13,Jia Patel,JP,student,0,jia.patel@gmail.com,From chat share,,,,1,
pd8a9d0fd,Kabir Malhotra,KM,student,1,kabir.malhotra@gmail.com,From Community,Pathway consult,,2026-06-28 19:10,1,1999
p0a5b07fe,Tanvi Khan,TK,student,0,tanvi.khan@gmail.com,From Community,,,,1,
p0b8b38cf,Kabira Rao,KR,student,0,kabira.rao@gmail.com,Visited profile,,,,0,
pd0f1f2f5,Rohan Iyer,RI,student,0,rohan.iyer@gmail.com,From chat share,,,,0,
p57dfae04,Jia Iyer,JI,student,0,jia.iyer@gmail.com,Visited profile,,,,0,
p15378cab,Yash Trivedi,YT,student,0,yash.trivedi@gmail.com,From chat share,,,,0,
p3655522f,Veer Ahuja,VA,student,1,veer.ahuja@gmail.com,From Community,College shortlisting,,2026-07-04 17:45,0,1999
pbd453686,Tara Kapoor,TK,student,1,tara.kapoor@gmail.com,Visited profile,,,2026-09-15 09:45,0,1999
p12f8ab41,Manav Iyer,MI,parent,0,manav.iyer@gmail.com,From chat share,,,,0,
p2b277799,Tanvi Banerjee,TB,parent,0,tanvi.banerjee@gmail.com,From Community,,,,0,
p5c7331cc,Myra Bose,MB,student,1,myra.bose@gmail.com,Visited profile,Parent consult,,2026-09-11 18:30,0,1999
p7b5c4589,Manav Mehta,MM,student,1,manav.mehta@gmail.com,Recommended match,,,2026-09-12 07:35,1,1999
pcc099df0,Harsh Nanda,HN,student,0,harsh.nanda@gmail.com,Visited profile,,,,0,
pce48af42,Anvi Agarwal,AA,parent,0,anvi.agarwal@gmail.com,Visited profile,,,,0,
peb24937c,Ananya Nair,AN,student,0,ananya.nair@gmail.com,Visited profile,,,,1,
pb76de16e,Diya Jain,DJ,parent,0,diya.jain@gmail.com,Visited profile,,,,0,
p623084c8,Ira Ghosh,IG,student,0,ira.ghosh@gmail.com,From Community,,,,0,
pdca2ca07,Kabira Verma,KV,parent,0,kabira.verma@gmail.com,From Community,,,,0,
pc01a0c8d,Leela Das,LD,student,1,leela.das@gmail.com,Visited profile,College shortlisting,,2026-08-11 04:45,0,1999
pba82f920,Neel Sharma,NS,student,1,neel.sharma@gmail.com,From Community,Parent consult,,2026-08-09 14:10,0,1999
pb2b0ac29,Priya Verma 64,P6,student,0,priya.verma.64@gmail.com,Recommended match,,,,1,
p689c538b,Aisha Singh,AS,student,1,aisha.singh@gmail.com,Visited profile,SOP review,,2026-09-23 16:00,0,1999
pc17416f4,Priya Iyer,PI,student,0,priya.iyer@gmail.com,From chat share,,,,0,
p30674e75,Aarav Das,AD,parent,0,aarav.das@gmail.com,From chat share,,,,0,
p707a552a,Tara Kapoor 49,T4,student,1,tara.kapoor.49@gmail.com,From Community,Visa readiness,,2026-09-13 00:15,0,1999
p68544316,Sohan Jain,SJ,student,0,sohan.jain@gmail.com,Visited profile,,,,0,
p33f9d84f,Diya Bhat,DB,student,0,diya.bhat@gmail.com,Visited profile,,,,0,
p98f358b5,Vivaan Nanda,VN,student,0,vivaan.nanda@gmail.com,From Community,,,,1,
peb642662,Om Jain,OJ,student,1,om.jain@gmail.com,Visited profile,,,2026-07-18 01:45,0,1999
p2dbd5d66,Pooja Menon,PM,student,0,pooja.menon@gmail.com,Visited profile,,,,1,
pf4f8ad1e,Kavita Menon,KM,student,0,kavita.menon@gmail.com,From Community,,,,1,
pe7bd540d,Sneha Bose,SB,student,0,sneha.bose@gmail.com,From Community,,,,0,
p663ada87,Aditi Bose,AB,parent,1,aditi.bose@gmail.com,From chat share,,For Dhruv Sharma,2026-09-13 12:50,0,1999
p9ee19545,Kriti Patel,KP,student,0,kriti.patel@gmail.com,Visited profile,,,,0,
p0a79c124,Meera Das,MD,student,0,meera.das@gmail.com,From Community,,,,0,
p9492adf4,Priya Kapoor,PK,parent,0,priya.kapoor@gmail.com,Visited profile,,,,0,
p5b56acdc,Sana Singh,SS,student,0,sana.singh@gmail.com,Visited profile,,,,0,
pe158c3c6,Myra Malhotra 34,M3,parent,0,myra.malhotra.34@gmail.com,Visited profile,,,,0,
p777ae14b,Tara Ahuja,TA,student,0,tara.ahuja@gmail.com,Visited profile,,,,0,
p6c7d0962,Rahul Singh,RS,parent,0,rahul.singh@gmail.com,Recommended match,,,,0,
pfa7744f0,Sana Ahuja,SA,student,0,sana.ahuja@gmail.com,Visited profile,,,,0,
p60d78c05,Arjun Ahuja,AA,student,0,arjun.ahuja@gmail.com,From chat share,,,,0,
p29a7ba5e,Isha Malhotra,IM,student,0,isha.malhotra@gmail.com,From chat share,,,,0,
p78f0e862,Om Banerjee,OB,student,0,om.banerjee@gmail.com,From chat share,,,,0,
pf0e7efdb,Arjun Trivedi,AT,student,0,arjun.trivedi@gmail.com,Visited profile,,,,0,
pe35d54c2,Sana Khan,SK,student,0,sana.khan@gmail.com,Recommended match,,,,0,
p1a154a3d,Vivaan Iyer,VI,student,0,vivaan.iyer@gmail.com,Visited profile,,,,0,
p37b7ad75,Reyansh Mehta,RM,parent,0,reyansh.mehta@gmail.com,Recommended match,,,,1,
peda519a0,Arjun Bose 27,A2,parent,1,arjun.bose.27@gmail.com,Visited profile,,,2026-09-05 06:45,0,1999
pe232bb57,Yash Singh,YS,student,0,yash.singh@gmail.com,Visited profile,,,,0,
p35f9b8c2,Anika Gupta,AG,student,1,anika.gupta@gmail.com,Recommended match,,,2026-07-09 08:40,0,1999
pa31700ca,Dhruv Jain,DJ,parent,0,dhruv.jain@gmail.com,From chat share,,,,1,
pb7d17f76,Naina Verma,NV,student,0,naina.verma@gmail.com,Recommended match,,,,0,
p4c1d3b1a,Dev Khan,DK,parent,0,dev.khan@gmail.com,From Community,,,,0,
p9023d23d,Veer Banerjee,VB,student,0,veer.banerjee@gmail.com,From chat share,,,,0,
p08446ffc,Kiara Jain,KJ,student,0,kiara.jain@gmail.com,From chat share,,,,0,
p4b1a7453,Kavita Kulkarni,KK,student,0,kavita.kulkarni@gmail.com,From chat share,,,,0,
p1fc09195,Aisha Sharma,AS,student,0,aisha.sharma@gmail.com,From Community,,,,0,
p233ef1c2,Vikram Khan,VK,parent,0,vikram.khan@gmail.com,Visited profile,,,,0,
p11435c17,Sana Jain,SJ,student,1,sana.jain@gmail.com,Recommended match,Parent consult,,2026-09-08 05:30,1,1999
p376c2158,Riya Nair,RN,student,0,riya.nair@gmail.com,Visited profile,,,,0,
p4c29ca29,Jia Malhotra,JM,student,0,jia.malhotra@gmail.com,Visited profile,,,,0,
pbfe0d418,Naina Reddy,NR,student,0,naina.reddy@gmail.com,Visited profile,,,,0,
p34a0a509,Aarav Joshi,AJ,student,0,aarav.joshi@gmail.com,From Community,,,,0,
p7e5ff590,Pooja Rao,PR,student,0,pooja.rao@gmail.com,Recommended match,,,,0,
pb31db811,Aditi Gupta,AG,student,0,aditi.gupta@gmail.com,From Community,,,,1,
pe5faf467,Karan Ahuja,KA,student,0,karan.ahuja@gmail.com,Recommended match,,,,1,
p766ea8da,Yash Agarwal,YA,parent,0,yash.agarwal@gmail.com,Visited profile,,,,1,
pfe2cb5a3,Harsh Pillai,HP,student,1,harsh.pillai@gmail.com,Visited profile,,,2026-08-07 21:50,1,1999
p87964a3c,Yash Iyer,YI,parent,0,yash.iyer@gmail.com,Visited profile,,,,1,
pc9e1495c,Sana Mehta,SM,student,0,sana.mehta@gmail.com,From chat share,,,,0,
p5437f79d,Pooja Sharma,PS,student,0,pooja.sharma@gmail.com,From chat share,,,,0,
p15bcb671,Jia Joshi,JJ,student,1,jia.joshi@gmail.com,From chat share,,,2026-07-14 16:10,1,1999
pc724f5ce,Meera Bose,MB,student,1,meera.bose@gmail.com,From Community,SOP review,,2026-09-03 11:45,0,1999
p4b24617e,Dev Pillai,DP,student,0,dev.pillai@gmail.com,Visited profile,,,,0,
pf1788bc2,Rahul Iyer 79,R7,student,0,rahul.iyer.79@gmail.com,From chat share,,,,1,
pd9cd4f19,Kavita Trivedi,KT,parent,1,kavita.trivedi@gmail.com,Visited profile,Parent consult,,2026-09-13 11:35,0,1999
peca30316,Arnav Malhotra,AM,parent,0,arnav.malhotra@gmail.com,From chat share,,,,0,
p05d104d0,Ananya Desai,AD,student,0,ananya.desai@gmail.com,Visited profile,,,,0,
p32b662ca,Dev Menon,DM,student,0,dev.menon@gmail.com,Visited profile,,,,0,
p219d1a14,Nikhil Ahuja,NA,student,0,nikhil.ahuja@gmail.com,From Community,,,,0,
p6fc9f3c5,Pooja Ghosh,PG,student,0,pooja.ghosh@gmail.com,From Community,,,,0,
pdb10ec9d,Yash Desai,YD,parent,1,yash.desai@gmail.com,From chat share,Parent consult,For Tara Bhat,2026-09-21 17:00,0,1999
p869d25b4,Nikhil Ghosh,NG,student,0,nikhil.ghosh@gmail.com,From Community,,,,0,
pdacf81e8,Ravi Sharma,RS,student,0,ravi.sharma@gmail.com,Visited profile,,,,0,
ped462f71,Reyansh Ahuja,RA,student,1,reyansh.ahuja@gmail.com,Recommended match,,,2026-09-18 15:25,1,1999
pd55a7d70,Riya Joshi,RJ,student,0,riya.joshi@gmail.com,Visited profile,,,,0,
p763e2c28,Naina Jain,NJ,student,1,naina.jain@gmail.com,Recommended match,,,2026-09-23 16:00,1,1999
p586d08bf,Kiara Singh,KS,student,0,kiara.singh@gmail.com,From Community,,,,0,
pfb2469f4,Kabira Desai,KD,student,0,kabira.desai@gmail.com,From chat share,,,,1,
p47626015,Aditi Patel,AP,student,0,aditi.patel@gmail.com,Visited profile,,,,0,
p554a661f,Sneha Rao,SR,student,0,sneha.rao@gmail.com,Visited profile,,,,0,
pb77d11ba,Karan Joshi,KJ,student,0,karan.joshi@gmail.com,Visited profile,,,,0,
p56fc3905,Dev Kulkarni,DK,student,1,dev.kulkarni@gmail.com,Recommended match,,,2026-06-28 16:30,0,1999
p48973857,Kabir Malhotra 96,K9,student,0,kabir.malhotra.96@gmail.com,Visited profile,,,,0,
pd29b92f1,Manav Banerjee,MB,student,1,manav.banerjee@gmail.com,From Community,SOP review,,2026-07-28 20:05,0,1999
p8e5aa9bd,Arjun Reddy,AR,student,1,arjun.reddy@gmail.com,Recommended match,College shortlisting,,2026-08-24 07:25,0,1999
p1db414cf,Naina Nanda,NN,student,0,naina.nanda@gmail.com,From Community,,,,1,
p2f10f37e,Aarav Pillai,AP,student,0,aarav.pillai@gmail.com,From Community,,,,0,
p36052312,Jia Sharma,JS,student,0,jia.sharma@gmail.com,From Community,,,,0,
p8557bc4d,Harsh Gupta,HG,parent,0,harsh.gupta@gmail.com,Visited profile,,,,1,
pa0c7c99d,Neel Menon,NM,student,0,neel.menon@gmail.com,From chat share,,,,0,
p5cd1e1ce,Dev Rao,DR,student,0,dev.rao@gmail.com,Recommended match,,,,0,
pf6861319,Aditi Bhat,AB,student,0,aditi.bhat@gmail.com,From Community,,,,0,
pffc096fe,Ishaan Singh 41,I4,student,1,ishaan.singh.41@gmail.com,Recommended match,,,2026-08-12 02:30,1,1999
p7013c59b,Anvi Malhotra,AM,student,0,anvi.malhotra@gmail.com,From chat share,,,,1,
pd401accb,Rohan Iyer 72,R7,parent,1,rohan.iyer.72@gmail.com,From Community,Essay workshop,For Sohan Bose,2026-08-01 11:30,0,1999
pcafa803e,Nisha Desai,ND,student,1,nisha.desai@gmail.com,Visited profile,Visa readiness,,2026-08-11 19:10,0,1999
p7618ddf4,Aisha Pillai,AP,student,0,aisha.pillai@gmail.com,Visited profile,,,,0,
pd9115cdb,Tara Bose,TB,student,0,tara.bose@gmail.com,Recommended match,,,,0,
p544f37ef,Tanvi Kapoor,TK,parent,0,tanvi.kapoor@gmail.com,Visited profile,,,,0,
pc5344db5,Myra Agarwal,MA,student,1,myra.agarwal@gmail.com,From chat share,,,2026-07-18 23:40,0,1999
pd4ec667f,Vikram Verma,VV,student,0,vikram.verma@gmail.com,From Community,,,,0,
p2869822a,Nikhil Kulkarni,NK,student,0,nikhil.kulkarni@gmail.com,From chat share,,,,1,
p71432053,Sahil Ghosh,SG,student,0,sahil.ghosh@gmail.com,Recommended match,,,,1,
p373ddf2c,Anvi Ahuja,AA,student,0,anvi.ahuja@gmail.com,Recommended match,,,,0,
p1aa7f2e8,Om Gupta,OG,student,0,om.gupta@gmail.com,From chat share,,,,0,
p0b03847a,Ishaan Singh 83,I8,student,0,ishaan.singh.83@gmail.com,From chat share,,,,0,
pc773ae97,Pooja Mehta,PM,student,1,pooja.mehta@gmail.com,Recommended match,Pathway consult,,2026-09-08 18:40,0,1999
p95495ca2,Nisha Ahuja,NA,student,0,nisha.ahuja@gmail.com,From chat share,,,,0,
p952d8d46,Yash Nair,YN,student,0,yash.nair@gmail.com,Visited profile,,,,0,
p0309d51b,Harsh Saxena,HS,student,0,harsh.saxena@gmail.com,Recommended match,,,,0,
p6e435801,Tara Khan,TK,student,1,tara.khan@gmail.com,Visited profile,,,2026-09-08 14:20,0,1999
peceb7727,Ira Bhat,IB,parent,0,ira.bhat@gmail.com,Recommended match,,,,1,
pb23a2b16,Nisha Khan,NK,student,0,nisha.khan@gmail.com,From Community,,,,1,
p881e2c13,Aisha Banerjee,AB,student,0,aisha.banerjee@gmail.com,From Community,,,,0,
p0e62af5e,Aarav Rao,AR,student,0,aarav.rao@gmail.com,Recommended match,,,,0,
p2853750c,Dev Khan 17,D1,student,1,dev.khan.17@gmail.com,Visited profile,,,2026-08-12 08:30,0,1999
pf0b093e4,Arnav Sharma,AS,student,0,arnav.sharma@gmail.com,From Community,,,,0,
p6cf2bb91,Yash Rao,YR,parent,1,yash.rao@gmail.com,Recommended match,,,2026-08-28 03:10,1,1999
p8315dd0a,Tanvi Sharma,TS,student,0,tanvi.sharma@gmail.com,From Community,,,,0,
pa2392abb,Kriti Sharma,KS,student,0,kriti.sharma@gmail.com,From chat share,,,,0,
pdd3481b8,Ishaan Pillai,IP,student,0,ishaan.pillai@gmail.com,From Community,,,,1,
pc5f11f34,Tara Gupta,TG,student,0,tara.gupta@gmail.com,From chat share,,,,0,
p9ce1386a,Yash Agarwal 43,Y4,student,0,yash.agarwal.43@gmail.com,Recommended match,,,,1,
pe3cee1ba,Anika Bose,AB,student,0,anika.bose@gmail.com,From Community,,,,0,
p6d1da681,Sneha Desai,SD,student,0,sneha.desai@gmail.com,From Community,,,,0,
p1feed169,Kabira Nanda,KN,student,1,kabira.nanda@gmail.com,From Community,Essay workshop,,2026-07-11 02:35,0,1999
p2b8ca32f,Ananya Saxena,AS,student,1,ananya.saxena@gmail.com,Visited profile,,,2026-07-26 11:25,1,1999
p4c7d4007,Neel Singh,NS,student,0,neel.singh@gmail.com,From chat share,,,,1,
pcec9b2ba,Priya Mehta,PM,student,0,priya.mehta@gmail.com,Recommended match,,,,1,
p396472bb,Karan Saxena,KS,student,0,karan.saxena@gmail.com,Recommended match,,,,0,
pd1755c5e,Aisha Desai,AD,student,0,aisha.desai@gmail.com,From Community,,,,0,
pd4499a44,Reyansh Nair,RN,student,0,reyansh.nair@gmail.com,From chat share,,,,0,
p3b74854c,Aditi Kulkarni,AK,parent,0,aditi.kulkarni@gmail.com,Visited profile,,,,0,
p9b493e15,Arnav Saxena,AS,parent,1,arnav.saxena@gmail.com,Recommended match,College shortlisting,For Jia Trivedi,2026-08-07 19:20,0,1999
p17f7887b,Nikhil Nanda,NN,student,0,nikhil.nanda@gmail.com,From chat share,,,,0,
p031345ff,Om Iyer,OI,parent,0,om.iyer@gmail.com,From Community,,,,0,
p61445ec6,Sahil Bose,SB,student,0,sahil.bose@gmail.com,Recommended match,,,,1,
p6d0727f4,Aisha Sharma 60,A6,student,1,aisha.sharma.60@gmail.com,From chat share,,,2026-07-17 17:05,0,1999
p1544cb5a,Sahil Rao,SR,parent,0,sahil.rao@gmail.com,Recommended match,,,,0,
p421add09,Ishaan Trivedi,IT,student,0,ishaan.trivedi@gmail.com,Visited profile,,,,0,
pc42b9e12,Arjun Malhotra,AM,student,0,arjun.malhotra@gmail.com,From chat share,,,,1,
pacafef8e,Anika Pillai,AP,student,0,anika.pillai@gmail.com,From chat share,,,,0,
pba7c5451,Meera Ghosh,MG,student,0,meera.ghosh@gmail.com,Visited profile,,,,0,
pb7d83896,Sahil Bhat,SB,student,1,sahil.bhat@gmail.com,Visited profile,,,2026-08-02 09:15,0,1999
p07508dc2,Nisha Bhat,NB,student,0,nisha.bhat@gmail.com,Visited profile,,,,0,
p376208b2,Aisha Malhotra,AM,student,0,aisha.malhotra@gmail.com,From chat share,,,,0,
pfae0a1f7,Leela Ahuja,LA,student,0,leela.ahuja@gmail.com,From Community,,,,0,
p92c5f632,Kabira Kapoor,KK,student,0,kabira.kapoor@gmail.com,Recommended match,,,,0,
p95a38479,Kiara Nanda,KN,parent,0,kiara.nanda@gmail.com,Recommended match,,,,0,
p162733fa,Om Malhotra,OM,parent,0,om.malhotra@gmail.com,From chat share,,,,0,
p87bd2314,Manav Verma,MV,student,0,manav.verma@gmail.com,Visited profile,,,,0,
p221f3037,Sneha Menon 39,S3,student,0,sneha.menon.39@gmail.com,From Community,,,,1,
pdca75f9a,Tanvi Nanda 98,T9,student,0,tanvi.nanda.98@gmail.com,From Community,,,,0,
p313f92dc,Harsh Saxena 73,H7,student,0,harsh.saxena.73@gmail.com,Visited profile,,,,1,
p3564a040,Tara Das,TD,student,0,tara.das@gmail.com,From Community,,,,0,
p08682fac,Ishaan Patel,IP,student,0,ishaan.patel@gmail.com,From chat share,,,,1,
pa19cc5fa,Aditi Gupta 5,A5,student,0,aditi.gupta.5@gmail.com,From Community,,,,0,
p1603934d,Reyansh Bose,RB,student,0,reyansh.bose@gmail.com,Recommended match,,,,0,
pc0fd4fa1,Naina Trivedi,NT,student,1,naina.trivedi@gmail.com,Recommended match,College shortlisting,,2026-07-10 09:50,0,1999
p8d010c60,Ayaan Das,AD,parent,0,ayaan.das@gmail.com,From Community,,,,1,
pf66a277f,Yash Joshi,YJ,student,0,yash.joshi@gmail.com,Visited profile,,,,0,
p41f44a6e,Pooja Pillai,PP,student,1,pooja.pillai@gmail.com,From chat share,College shortlisting,,2026-08-29 06:40,0,1999
pe1b4052c,Reyansh Singh,RS,student,0,reyansh.singh@gmail.com,Visited profile,,,,0,
p20026192,Riya Khan,RK,student,0,riya.khan@gmail.com,From Community,,,,0,
pcc815c51,Sahil Joshi,SJ,student,0,sahil.joshi@gmail.com,Recommended match,,,,0,
pf5cf3583,Harsh Sharma,HS,student,1,harsh.sharma@gmail.com,Visited profile,,,2026-08-14 19:55,0,1999
pfc4142d3,Leela Malhotra,LM,student,0,leela.malhotra@gmail.com,Recommended match,,,,1,
p49710f9d,Karan Bose,KB,student,0,karan.bose@gmail.com,Recommended match,,,,1,
pb42031d3,Anvi Rao,AR,student,1,anvi.rao@gmail.com,From chat share,,,2026-09-23 02:45,0,1999
pd4b5483d,Neel Menon 78,N7,parent,0,neel.menon.78@gmail.com,From chat share,,,,1,
ped29dab0,Isha Rao,IR,student,1,isha.rao@gmail.com,Visited profile,,,2026-07-26 16:40,1,1999
p64ead05b,Aarav Joshi 32,A3,student,1,aarav.joshi.32@gmail.com,Recommended match,SOP review,,2026-08-18 05:30,0,1999
p3e55bd24,Manav Das,MD,student,0,manav.das@gmail.com,Visited profile,,,,0,
p3570779c,Kriti Pillai,KP,parent,0,kriti.pillai@gmail.com,Visited profile,,,,0,
p3f7e6cb9,Sohan Kulkarni,SK,student,0,sohan.kulkarni@gmail.com,Recommended match,,,,0,
p56f3f7cf,Yash Chawla,YC,student,1,yash.chawla@gmail.com,From chat share,Pathway consult,,2026-07-31 16:10,0,1999
p186fe821,Ananya Gupta,AG,student,0,ananya.gupta@gmail.com,From chat share,,,,0,
p629a4c8b,Sana Banerjee,SB,parent,1,sana.banerjee@gmail.com,Visited profile,,,2026-08-17 07:40,0,1999
p12039013,Anika Banerjee,AB,student,0,anika.banerjee@gmail.com,Visited profile,,,,0,
pa9f98951,Ananya Menon,AM,student,0,ananya.menon@gmail.com,Visited profile,,,,0,
p0ea82a87,Dhruv Rao,DR,student,1,dhruv.rao@gmail.com,Recommended match,SOP review,,2026-07-02 01:45,0,1999
p17366e1b,Yash Patel,YP,student,1,yash.patel@gmail.com,From chat share,Parent consult,,2026-09-14 07:15,0,1999
p958037ff,Neel Ahuja,NA,student,1,neel.ahuja@gmail.com,Visited profile,,,2026-08-12 02:50,1,1999
p0ffef513,Ananya Kulkarni,AK,student,0,ananya.kulkarni@gmail.com,From chat share,,,,0,
p1094f8aa,Ishaan Rao,IR,student,0,ishaan.rao@gmail.com,From Community,,,,0,
p97d7dd2a,Leela Bhat,LB,student,0,leela.bhat@gmail.com,From Community,,,,1,
pb1f62faf,Nisha Banerjee,NB,student,1,nisha.banerjee@gmail.com,From Community,SOP review,,2026-07-21 20:00,0,1999
p954095a0,Aditi Saxena 15,A1,student,0,aditi.saxena.15@gmail.com,From Community,,,,1,
pad53d8a8,Vikram Pillai,VP,student,0,vikram.pillai@gmail.com,Visited profile,,,,0,
p3737b5c8,Dhruv Ghosh,DG,student,0,dhruv.ghosh@gmail.com,From Community,,,,0,
p84e0469c,Zara Agarwal,ZA,student,0,zara.agarwal@gmail.com,From chat share,,,,1,
p361a6aff,Vikram Desai,VD,student,0,vikram.desai@gmail.com,From Community,,,,0,
pcb36c9b6,Om Saxena,OS,parent,0,om.saxena@gmail.com,From Community,,,,1,
p8f5d0a91,Vivaan Chawla,VC,student,1,vivaan.chawla@gmail.com,Recommended match,Pathway consult,,2026-09-04 17:05,0,1999
p686fcab0,Karan Iyer,KI,student,0,karan.iyer@gmail.com,Visited profile,,,,0,
p391ef1db,Myra Banerjee,MB,parent,1,myra.banerjee@gmail.com,From Community,Essay workshop,For Ravi Sharma,2026-09-19 09:00,0,1999
p99bc3448,Nikhil Gupta,NG,student,0,nikhil.gupta@gmail.com,Recommended match,,,,1,
p041854b2,Kriti Das,KD,student,1,kriti.das@gmail.com,From chat share,,,2026-07-21 01:00,0,1999
p314c80d6,Manav Ahuja,MA,student,0,manav.ahuja@gmail.com,Recommended match,,,,0,
p7372a83a,Jia Reddy,JR,student,0,jia.reddy@gmail.com,From chat share,,,,0,
pd9aec628,Anvi Sharma,AS,student,1,anvi.sharma@gmail.com,From Community,Pathway consult,,2026-09-22 06:10,1,1999
p13238bce,Anika Rao,AR,student,0,anika.rao@gmail.com,Recommended match,,,,0,
pa0c043f6,Diya Nair,DN,student,0,diya.nair@gmail.com,From chat share,,,,0,
pd2f1e39b,Yash Agarwal 11,Y1,student,0,yash.agarwal.11@gmail.com,Visited profile,,,,0,
p7430ef89,Arnav Chawla,AC,student,1,arnav.chawla@gmail.com,From chat share,Visa readiness,,2026-08-13 18:55,1,1999
p1fd014ec,Reyansh Khan,RK,student,0,reyansh.khan@gmail.com,Visited profile,,,,1,
pe8efb698,Ananya Bose,AB,student,0,ananya.bose@gmail.com,Recommended match,,,,1,
p7758d3fe,Arjun Kulkarni,AK,student,0,arjun.kulkarni@gmail.com,From Community,,,,1,
p15a4852d,Kriti Chawla,KC,parent,0,kriti.chawla@gmail.com,Recommended match,,,,0,
p7d97f8f5,Diya Joshi,DJ,student,0,diya.joshi@gmail.com,Visited profile,,,,0,
pb4113ce7,Rohan Das,RD,parent,1,rohan.das@gmail.com,From Community,,,2026-08-17 13:15,0,1999
p816c2b10,Om Bhat,OB,student,0,om.bhat@gmail.com,From chat share,,,,0,
pd5f351fc,Ishaan Khan,IK,student,0,ishaan.khan@gmail.com,Visited profile,,,,0,
pf5534f75,Reyansh Mehta 82,R8,student,0,reyansh.mehta.82@gmail.com,From chat share,,,,0,
pec24f8b0,Aisha Trivedi 37,A3,student,0,aisha.trivedi.37@gmail.com,From Community,,,,1,
pc3f4bacb,Yash Khan,YK,parent,0,yash.khan@gmail.com,Visited profile,,,,0,
pb48b418d,Kabira Saxena,KS,student,1,kabira.saxena@gmail.com,From chat share,,,2026-09-23 16:00,0,1999
pdb4a19c0,Ishaan Rao 96,I9,student,0,ishaan.rao.96@gmail.com,Recommended match,,,,0,
p3aa62b34,Kabira Malhotra,KM,student,0,kabira.malhotra@gmail.com,Recommended match,,,,1,
pc9c08a3c,Jia Khan,JK,parent,0,jia.khan@gmail.com,From chat share,,,,0,
p05656c1e,Arnav Nair,AN,student,1,arnav.nair@gmail.com,From chat share,Pathway consult,,2026-08-10 01:05,0,1999
pe017b20c,Manav Verma 80,M8,parent,0,manav.verma.80@gmail.com,Visited profile,,,,0,
pf65c190f,Pooja Bhat,PB,student,0,pooja.bhat@gmail.com,From Community,,,,0,
p25b72e6d,Kabira Mehta,KM,parent,1,kabira.mehta@gmail.com,From Community,,For Kiara Saxena,2026-07-28 21:45,0,1999
p1ad9fd15,Zara Saxena,ZS,parent,1,zara.saxena@gmail.com,Visited profile,,,2026-07-11 10:40,0,1999
p01d8f119,Kabira Desai 86,K8,student,0,kabira.desai.86@gmail.com,Visited profile,,,,0,
pd04cd55e,Arjun Rao,AR,student,0,arjun.rao@gmail.com,From chat share,,,,0,
p9e2abbc8,Leela Desai,LD,student,0,leela.desai@gmail.com,From chat share,,,,0,
pba9e6586,Manav Nair,MN,student,0,manav.nair@gmail.com,Recommended match,,,,0,
p23056710,Rahul Trivedi,RT,student,1,rahul.trivedi@gmail.com,Visited profile,,,2026-08-18 23:10,0,1999
p247896a2,Aditi Nanda,AN,parent,0,aditi.nanda@gmail.com,Visited profile,,,,0,
p4fe60778,Kriti Bhat,KB,student,0,kriti.bhat@gmail.com,From chat share,,,,0,
p28ac38d1,Leela Mehta,LM,student,0,leela.mehta@gmail.com,From chat share,,,,0,
pd702b381,Neel Iyer,NI,student,0,neel.iyer@gmail.com,Recommended match,,,,0,
pd6c10d09,Kavita Kulkarni 58,K5,parent,0,kavita.kulkarni.58@gmail.com,Visited profile,,,,0,
p7940b5ca,Ira Banerjee,IB,student,0,ira.banerjee@gmail.com,From chat share,,,,0,
pd474efed,Tara Bose 41,T4,student,0,tara.bose.41@gmail.com,Recommended match,,,,0,
pfa172345,Kabir Joshi,KJ,student,0,kabir.joshi@gmail.com,Recommended match,,,,0,
p6637cae2,Dhruv Trivedi,DT,student,0,dhruv.trivedi@gmail.com,Visited profile,,,,0,
pd8984db0,Kavita Ghosh,KG,student,0,kavita.ghosh@gmail.com,Recommended match,,,,0,
p3015e1bf,Jia Chawla,JC,student,0,jia.chawla@gmail.com,From chat share,,,,0,
p177d1da6,Arnav Saxena 68,A6,student,0,arnav.saxena.68@gmail.com,Recommended match,,,,0,
p748b5bd8,Vikram Khan 67,V6,parent,0,vikram.khan.67@gmail.com,From chat share,,,,0,
p917c23bd,Aditi Ghosh,AG,student,0,aditi.ghosh@gmail.com,Visited profile,,,,1,
pd42a61be,Jia Patel 66,J6,student,0,jia.patel.66@gmail.com,From Community,,,,1,
p8b1a36d5,Aditi Reddy,AR,student,1,aditi.reddy@gmail.com,From Community,,,2026-06-30 03:10,0,1999
p3370a192,Neel Nanda,NN,parent,0,neel.nanda@gmail.com,Recommended match,,,,0,
pcfada75e,Isha Bhat,IB,student,0,isha.bhat@gmail.com,From Community,,,,1,
p1b7e08bb,Ravi Reddy,RR,student,0,ravi.reddy@gmail.com,From Community,,,,0,
p1a46524b,Kiara Banerjee,KB,student,1,kiara.banerjee@gmail.com,From Community,Visa readiness,,2026-08-27 02:55,1,1999
pa4ba5d68,Rohan Singh,RS,student,0,rohan.singh@gmail.com,Recommended match,,,,1,
p743d4dda,Ayaan Banerjee,AB,student,0,ayaan.banerjee@gmail.com,Recommended match,,,,0,
p88924ce2,Arnav Nanda,AN,student,1,arnav.nanda@gmail.com,Recommended match,Essay workshop,,2026-09-09 13:35,0,1999
pe874e219,Leela Ahuja 12,L1,student,0,leela.ahuja.12@gmail.com,From chat share,,,,0,
pe859dda3,Tara Verma,TV,student,0,tara.verma@gmail.com,From chat share,,,,1,
pa91c8694,Sneha Kapoor,SK,student,0,sneha.kapoor@gmail.com,Visited profile,,,,0,
p3f26e6c8,Meera Joshi,MJ,student,0,meera.joshi@gmail.com,Visited profile,,,,0,
pfc2487ae,Aisha Das 76,A7,student,0,aisha.das.76@gmail.com,From chat share,,,,1,
p1bdade64,Tara Mehta,TM,student,1,tara.mehta@gmail.com,From chat share,,,2026-09-23 06:15,0,1999
p56e10daf,Naina Gupta,NG,student,0,naina.gupta@gmail.com,Visited profile,,,,1,
pf5672f4d,Dhruv Khan,DK,parent,1,dhruv.khan@gmail.com,From chat share,,,2026-09-23 03:20,0,1999
p070bdf27,Arjun Verma,AV,student,0,arjun.verma@gmail.com,From Community,,,,0,
p77e66ec0,Sohan Bhat,SB,student,0,sohan.bhat@gmail.com,Recommended match,,,,0,
p16070642,Jia Saxena,JS,student,0,jia.saxena@gmail.com,From chat share,,,,0,
p5ad0aba9,Nikhil Jain,NJ,student,0,nikhil.jain@gmail.com,From chat share,,,,0,
pae60ecba,Karan Iyer 65,K6,student,0,karan.iyer.65@gmail.com,Recommended match,,,,0,
p595c2d7c,Vikram Menon,VM,parent,0,vikram.menon@gmail.com,Recommended match,,,,0,
p287dfc1a,Om Rao,OR,student,1,om.rao@gmail.com,Visited profile,Visa readiness,,2026-09-21 01:45,0,1999
paa555fb0,Zara Desai,ZD,student,0,zara.desai@gmail.com,From Community,,,,0,
pda5023b5,Sohan Kulkarni 47,S4,student,0,sohan.kulkarni.47@gmail.com,Recommended match,,,,0,
p4263128b,Jia Nair,JN,student,0,jia.nair@gmail.com,Visited profile,,,,0,
p70d0af6e,Vivaan Ahuja,VA,parent,1,vivaan.ahuja@gmail.com,Recommended match,,,2026-09-04 22:55,0,1999
p5616d153,Isha Nair,IN,student,0,isha.nair@gmail.com,Recommended match,,,,0,
p062ccd8c,Myra Kapoor,MK,student,0,myra.kapoor@gmail.com,Visited profile,,,,0,
p363a77c9,Rahul Khan 99,R9,parent,1,rahul.khan.99@gmail.com,Recommended match,Visa readiness,,2026-08-14 05:30,1,1999
pb77b2d97,Dev Reddy,DR,student,0,dev.reddy@gmail.com,Visited profile,,,,0,
p73d0c63e,Veer Das,VD,student,0,veer.das@gmail.com,Recommended match,,,,0,
p8c8ebc4c,Reyansh Trivedi,RT,student,0,reyansh.trivedi@gmail.com,Visited profile,,,,1,
p1cb88c82,Isha Saxena,IS,parent,1,isha.saxena@gmail.com,From Community,,,2026-07-20 18:10,0,1999
pe3000692,Sana Ahuja 46,S4,student,0,sana.ahuja.46@gmail.com,Recommended match,,,,0,
pcf8fcbc5,Arjun Saxena,AS,parent,0,arjun.saxena@gmail.com,Recommended match,,,,0,
peb054b19,Om Menon,OM,student,0,om.menon@gmail.com,Recommended match,,,,0,
pe6de1504,Isha Bose,IB,student,1,isha.bose@gmail.com,Recommended match,,,2026-09-06 17:25,0,1999
p7b6c4c76,Veer Nanda,VN,student,1,veer.nanda@gmail.com,From chat share,Parent consult,,2026-06-23 15:20,0,1999
p535142be,Manav Singh,MS,student,0,manav.singh@gmail.com,From chat share,,,,1,
p0fee23e7,Sana Chawla,SC,parent,0,sana.chawla@gmail.com,From chat share,,,,0,
p324a0b7d,Isha Jain,IJ,student,0,isha.jain@gmail.com,From Community,,,,0,
p89201bd1,Dhruv Nanda,DN,student,0,dhruv.nanda@gmail.com,From chat share,,,,1,
p165009cb,Dev Verma,DV,parent,1,dev.verma@gmail.com,Visited profile,Parent consult,For Manav Jain,2026-09-23 01:20,0,1999
p61572d93,Ravi Sharma 27,R2,student,0,ravi.sharma.27@gmail.com,Visited profile,,,,1,
pd5495663,Arjun Banerjee,AB,student,0,arjun.banerjee@gmail.com,Recommended match,,,,1,
p88e4ecb0,Ishaan Nanda,IN,parent,0,ishaan.nanda@gmail.com,Recommended match,,,,0,
pf1c75d48,Karan Ghosh,KG,student,1,karan.ghosh@gmail.com,Visited profile,,,2026-09-12 03:00,1,1999
p3451ca2e,Kabira Bhat,KB,student,0,kabira.bhat@gmail.com,Visited profile,,,,0,
pf20f368b,Pooja Banerjee,PB,student,0,pooja.banerjee@gmail.com,Visited profile,,,,0,
p7145a2aa,Nisha Chawla,NC,student,0,nisha.chawla@gmail.com,From Community,,,,0,
p0ace65cc,Sahil Patel,SP,student,1,sahil.patel@gmail.com,From chat share,Pathway consult,,2026-08-23 02:50,0,1999
pbd568281,Yash Malhotra,YM,student,1,yash.malhotra@gmail.com,From chat share,,,2026-08-12 00:20,0,1999
p16192f7d,Diya Patel,DP,parent,0,diya.patel@gmail.com,From Community,,,,0,
p4f4dac0b,Sana Bose,SB,student,0,sana.bose@gmail.com,Visited profile,,,,1,
p50ec6879,Ananya Kapoor,AK,student,0,ananya.kapoor@gmail.com,From chat share,,,,0,
p37845966,Rohan Saxena,RS,student,0,rohan.saxena@gmail.com,Visited profile,,,,0,
p371a588f,Kiara Mehta,KM,student,1,kiara.mehta@gmail.com,From chat share,,,2026-08-06 01:20,0,1999
pff15bd47,Arjun Gupta,AG,parent,0,arjun.gupta@gmail.com,Recommended match,,,,0,
p8e7f7db6,Rohan Malhotra,RM,student,1,rohan.malhotra@gmail.com,Visited profile,Essay workshop,,2026-09-08 13:20,0,1999
p3b0141d4,Kabira Ahuja,KA,student,0,kabira.ahuja@gmail.com,Visited profile,,,,0,
p419f8f85,Nikhil Nanda 35,N3,student,0,nikhil.nanda.35@gmail.com,From Community,,,,0,
p4b2be8f5,Harsh Kapoor,HK,student,1,harsh.kapoor@gmail.com,Visited profile,,,2026-07-25 08:25,1,1999
pa9ed3ddd,Kriti Khan,KK,student,0,kriti.khan@gmail.com,Recommended match,,,,0,
p400bcd0f,Sahil Banerjee,SB,parent,0,sahil.banerjee@gmail.com,From chat share,,,,0,
p298bbd7d,Karan Rao,KR,student,0,karan.rao@gmail.com,Visited profile,,,,1,
p24c26449,Kriti Patel 66,K6,parent,1,kriti.patel.66@gmail.com,From Community,,,2026-06-25 08:10,0,1999
pd4d5ec7c,Neel Banerjee,NB,student,1,neel.banerjee@gmail.com,Visited profile,,,2026-07-21 08:40,0,1999
p4618fe59,Harsh Banerjee,HB,student,0,harsh.banerjee@gmail.com,Recommended match,,,,0,
p306b7fe8,Kriti Rao,KR,student,0,kriti.rao@gmail.com,From chat share,,,,0,
p8dab0a00,Meera Joshi 44,M4,student,0,meera.joshi.44@gmail.com,Recommended match,,,,0,
p1ed6b161,Kiara Saxena,KS,student,1,kiara.saxena@gmail.com,Visited profile,Parent consult,,2026-09-22 10:30,0,1999
p5d88a42c,Dhruv Pillai,DP,student,0,dhruv.pillai@gmail.com,Recommended match,,,,0,
pbcd63df7,Kavita Verma,KV,student,0,kavita.verma@gmail.com,Visited profile,,,,0,
p0952019a,Neel Ghosh,NG,student,1,neel.ghosh@gmail.com,Recommended match,,,2026-08-16 09:20,1,1999
p91b2fe2b,Meera Khan,MK,student,1,meera.khan@gmail.com,Visited profile,,,2026-08-28 17:35,0,1999
p7f121bf4,Dhruv Banerjee,DB,student,0,dhruv.banerjee@gmail.com,Visited profile,,,,0,
pe6398d1e,Jia Desai,JD,parent,1,jia.desai@gmail.com,From Community,Parent consult,For Anika Mehta,2026-07-27 07:25,0,1999
p32096f86,Yash Agarwal 70,Y7,student,0,yash.agarwal.70@gmail.com,From Community,,,,0,
p01161007,Kiara Ahuja,KA,student,0,kiara.ahuja@gmail.com,Visited profile,,,,0,
p46a24fd0,Kabir Bose,KB,student,0,kabir.bose@gmail.com,From Community,,,,0,
pc67883ac,Arjun Bhat,AB,student,1,arjun.bhat@gmail.com,Visited profile,,,2026-07-03 15:30,0,1999
p1b526abd,Diya Rao,DR,student,0,diya.rao@gmail.com,From chat share,,,,0,
pd57d2e87,Dev Pillai 88,D8,student,0,dev.pillai.88@gmail.com,From Community,,,,0,
p6cd4dcbb,Diya Bhat 20,D2,student,0,diya.bhat.20@gmail.com,From Community,,,,0,
p54323b84,Diya Agarwal,DA,student,0,diya.agarwal@gmail.com,From Community,,,,0,
pcb69da28,Kabir Ghosh,KG,student,0,kabir.ghosh@gmail.com,Recommended match,,,,0,
pc495bf1e,Isha Das,ID,student,0,isha.das@gmail.com,From Community,,,,1,
p5d4c96e4,Leela Jain,LJ,student,0,leela.jain@gmail.com,From Community,,,,1,
p659740cd,Pooja Mehta 93,P9,student,0,pooja.mehta.93@gmail.com,From Community,,,,1,
p2e53b339,Veer Agarwal,VA,parent,0,veer.agarwal@gmail.com,From chat share,,,,0,
p8342adbf,Sneha Gupta,SG,student,0,sneha.gupta@gmail.com,Recommended match,,,,0,
p401bb7cc,Nisha Chawla 9,N9,student,1,nisha.chawla.9@gmail.com,From chat share,,,2026-09-04 15:45,0,1999
p0368e4cb,Kiara Saxena 6,K6,student,1,kiara.saxena.6@gmail.com,Recommended match,,,2026-09-23 16:00,1,1999
p8e4c69c3,Sohan Ghosh,SG,student,0,sohan.ghosh@gmail.com,Visited profile,,,,0,
p250449a8,Nisha Jain,NJ,parent,0,nisha.jain@gmail.com,From chat share,,,,0,
p5b335b45,Karan Trivedi,KT,student,0,karan.trivedi@gmail.com,From Community,,,,0,
p24c2a927,Isha Saxena 66,I6,student,1,isha.saxena.66@gmail.com,From chat share,SOP review,,2026-09-09 06:10,0,1999
pd5b97457,Kabira Sharma,KS,student,1,kabira.sharma@gmail.com,From chat share,Visa readiness,,2026-09-16 13:10,0,1999
p38337733,Anvi Malhotra 24,A2,student,0,anvi.malhotra.24@gmail.com,Visited profile,,,,0,
pe1e847ef,Nikhil Verma,NV,student,0,nikhil.verma@gmail.com,From chat share,,,,1,
pcfeb65b5,Isha Gupta,IG,student,0,isha.gupta@gmail.com,Visited profile,,,,0,
p78d6f3be,Rohan Khan,RK,student,0,rohan.khan@gmail.com,Visited profile,,,,0,
p5531361d,Kiara Pillai,KP,parent,0,kiara.pillai@gmail.com,Recommended match,,,,0,
pac45174a,Jia Ahuja,JA,parent,0,jia.ahuja@gmail.com,Visited profile,,,,0,
pd242cd05,Kriti Agarwal,KA,student,0,kriti.agarwal@gmail.com,From Community,,,,0,
p44260e63,Dev Chawla,DC,student,0,dev.chawla@gmail.com,Visited profile,,,,0,
pcf97a71b,Aditi Nanda 63,A6,parent,0,aditi.nanda.63@gmail.com,From chat share,,,,0,
pb1814ad7,Pooja Desai,PD,student,0,pooja.desai@gmail.com,From chat share,,,,0,
pcee4f0e1,Leela Ghosh,LG,student,0,leela.ghosh@gmail.com,Visited profile,,,,0,
pf2733aa2,Ravi Verma,RV,student,0,ravi.verma@gmail.com,Recommended match,,,,1,
pab98605e,Myra Das,MD,parent,0,myra.das@gmail.com,Visited profile,,,,0,
p25e78a0f,Myra Rao,MR,parent,0,myra.rao@gmail.com,From chat share,,,,0,
p33d7fd7d,Dev Ahuja,DA,student,0,dev.ahuja@gmail.com,From Community,,,,1,
p18f717a5,Kriti Khan 9,K9,student,0,kriti.khan.9@gmail.com,Visited profile,,,,0,
pd2b6e201,Jia Rao,JR,student,0,jia.rao@gmail.com,Visited profile,,,,0,
p4cd89d90,Harsh Sharma 2,H2,student,0,harsh.sharma.2@gmail.com,Recommended match,,,,1,
p0509f389,Diya Desai,DD,parent,0,diya.desai@gmail.com,From Community,,,,0,
p0750e213,Tanvi Agarwal,TA,student,0,tanvi.agarwal@gmail.com,Visited profile,,,,1,
pd1ea29c5,Isha Bhat 84,I8,student,0,isha.bhat.84@gmail.com,Visited profile,,,,0,
pf7891625,Anika Khan,AK,student,0,anika.khan@gmail.com,From chat share,,,,0,
pb5fb6ede,Sahil Ahuja,SA,student,1,sahil.ahuja@gmail.com,From chat share,,,2026-07-22 08:10,1,1999
p44c9f43b,Tara Patel,TP,student,0,tara.patel@gmail.com,From chat share,,,,1,
p9b36535b,Aarav Bhat 4,A4,student,0,aarav.bhat.4@gmail.com,Recommended match,,,,0,
p2d185963,Nikhil Rao,NR,student,0,nikhil.rao@gmail.com,From chat share,,,,0,
pd7442d62,Neel Sharma 26,N2,student,0,neel.sharma.26@gmail.com,Visited profile,,,,1,
pe0f57027,Leela Singh,LS,student,0,leela.singh@gmail.com,From chat share,,,,0,
pe370b4e2,Rohan Malhotra 10,R1,parent,1,rohan.malhotra.10@gmail.com,Recommended match,,,2026-07-18 05:00,1,1999
p556c718d,Vivaan Kapoor,VK,student,0,vivaan.kapoor@gmail.com,Recommended match,,,,1,
p58705e53,Dhruv Kapoor,DK,parent,0,dhruv.kapoor@gmail.com,Visited profile,,,,1,
p71ea99cd,Kiara Pillai 42,K4,student,0,kiara.pillai.42@gmail.com,Recommended match,,,,0,
pb698c53e,Rohan Trivedi,RT,student,0,rohan.trivedi@gmail.com,From Community,,,,0,
p54d0225a,Pooja Trivedi,PT,student,0,pooja.trivedi@gmail.com,Recommended match,,,,0,
pa815de50,Vivaan Agarwal,VA,parent,0,vivaan.agarwal@gmail.com,Visited profile,,,,0,
p0d0f7031,Jia Joshi 84,J8,student,0,jia.joshi.84@gmail.com,From Community,,,,0,
pb752c4a8,Pooja Singh,PS,parent,0,pooja.singh@gmail.com,From Community,,,,0,
pce22f0a4,Sneha Bose 30,S3,student,0,sneha.bose.30@gmail.com,Recommended match,,,,0,
p8cb530a7,Jia Rao 54,J5,student,0,jia.rao.54@gmail.com,Visited profile,,,,1,
pbcc73235,Rohan Sharma,RS,student,0,rohan.sharma@gmail.com,From chat share,,,,0,
p3610b7b2,Rahul Nair,RN,student,0,rahul.nair@gmail.com,Visited profile,,,,1,
pd724f7e7,Anika Ahuja,AA,student,1,anika.ahuja@gmail.com,Recommended match,,,2026-08-22 06:20,0,1999
p103aa5cd,Kiara Ahuja 73,K7,student,1,kiara.ahuja.73@gmail.com,From chat share,,,2026-09-10 09:35,0,1999
pd756529c,Aarav Malhotra,AM,student,0,aarav.malhotra@gmail.com,From Community,,,,1,
p3baf4d5b,Anvi Gupta,AG,student,0,anvi.gupta@gmail.com,Visited profile,,,,0,
p5028c862,Harsh Agarwal,HA,student,0,harsh.agarwal@gmail.com,From chat share,,,,0,
p962d73ce,Yash Rao 85,Y8,student,0,yash.rao.85@gmail.com,From Community,,,,0,
p0dc819d5,Ayaan Khan,AK,parent,0,ayaan.khan@gmail.com,Recommended match,,,,0,
p1b5bfbf9,Sana Agarwal,SA,student,0,sana.agarwal@gmail.com,Recommended match,,,,1,
p792898b2,Aditi Kulkarni 20,A2,parent,0,aditi.kulkarni.20@gmail.com,Visited profile,,,,0,
p9d515f26,Kiara Singh 39,K3,parent,0,kiara.singh.39@gmail.com,From Community,,,,0,
pe85d5c4f,Rohan Gupta,RG,student,0,rohan.gupta@gmail.com,Visited profile,,,,0,
p6b3c4106,Anvi Ghosh,AG,student,0,anvi.ghosh@gmail.com,From chat share,,,,0,
pf990a184,Yash Iyer 95,Y9,student,1,yash.iyer.95@gmail.com,From Community,,,2026-09-04 10:00,0,1999
p3fd36412,Tara Chawla,TC,student,0,tara.chawla@gmail.com,From chat share,,,,0,
pc3f1e1ac,Tanvi Ghosh,TG,student,0,tanvi.ghosh@gmail.com,From Community,,,,0,
pe715294e,Aisha Bose,AB,parent,1,aisha.bose@gmail.com,Visited profile,Pathway consult,For Reyansh Chawla,2026-07-19 10:35,0,1999
p43a30c16,Reyansh Agarwal,RA,student,0,reyansh.agarwal@gmail.com,From Community,,,,1,
p7a18006d,Veer Singh,VS,parent,0,veer.singh@gmail.com,From Community,,,,0,
pf21e17a1,Nisha Reddy,NR,student,0,nisha.reddy@gmail.com,Recommended match,,,,0,
p706bd48c,Om Das,OD,student,0,om.das@gmail.com,Visited profile,,,,1,
p450350da,Reyansh Verma,RV,student,0,reyansh.verma@gmail.com,From Community,,,,0,
pd0e0d17c,Ravi Joshi,RJ,student,0,ravi.joshi@gmail.com,Recommended match,,,,1,
pd733d637,Naina Bose,NB,student,0,naina.bose@gmail.com,From chat share,,,,1,
pa625fe5c,Kabira Bhat 6,K6,parent,0,kabira.bhat.6@gmail.com,From Community,,,,0,
pc2635068,Jia Chawla 3,J3,student,1,jia.chawla.3@gmail.com,From chat share,,,2026-09-19 09:15,0,1999
p40b37181,Karan Pillai,KP,student,0,karan.pillai@gmail.com,From Community,,,,0,
p6ffc612e,Sohan Bose,SB,student,0,sohan.bose@gmail.com,From chat share,,,,0,
pee15cbfa,Sneha Sharma,SS,parent,1,sneha.sharma@gmail.com,Recommended match,,,2026-08-08 02:35,0,1999
pc10e9d75,Sohan Iyer,SI,student,0,sohan.iyer@gmail.com,Visited profile,,,,0,
p15eb5ff8,Ishaan Nanda 98,I9,student,0,ishaan.nanda.98@gmail.com,From Community,,,,0,
p981deaab,Arjun Iyer,AI,student,0,arjun.iyer@gmail.com,From chat share,,,,0,
pa55c93b4,Sahil Jain,SJ,student,0,sahil.jain@gmail.com,Recommended match,,,,0,
pa5105ce9,Naina Kulkarni,NK,parent,0,naina.kulkarni@gmail.com,From Community,,,,0,
p720f3387,Ananya Singh,AS,student,1,ananya.singh@gmail.com,From Community,,,2026-08-23 00:30,0,1999
p8eebd768,Zara Patel,ZP,student,0,zara.patel@gmail.com,From Community,,,,0,
p377a7308,Ira Gupta,IG,student,0,ira.gupta@gmail.com,From Community,,,,0,
p85f9dfc1,Om Ahuja,OA,student,0,om.ahuja@gmail.com,Visited profile,,,,0,
p70915418,Nisha Menon,NM,student,1,nisha.menon@gmail.com,From Community,Pathway consult,,2026-09-07 14:40,0,1999
p03e8b9fa,Aisha Nanda,AN,student,0,aisha.nanda@gmail.com,From chat share,,,,1,
p97d38684,Aarav Trivedi,AT,student,0,aarav.trivedi@gmail.com,From Community,,,,1,
p93558f27,Ravi Iyer,RI,student,0,ravi.iyer@gmail.com,From chat share,,,,0,
pa9228d02,Ananya Reddy,AR,parent,0,ananya.reddy@gmail.com,Visited profile,,,,0,
pbfd58cf7,Sana Saxena,SS,student,0,sana.saxena@gmail.com,Recommended match,,,,0,
pe4c82d62,Ravi Kulkarni 73,R7,student,0,ravi.kulkarni.73@gmail.com,Recommended match,,,,0,
p77f7cc8a,Kavita Ahuja,KA,student,1,kavita.ahuja@gmail.com,Recommended match,Pathway consult,,2026-08-29 07:30,1,1999
p38a3f49b,Kavita Singh,KS,student,0,kavita.singh@gmail.com,From chat share,,,,0,
p0fdee569,Rahul Sharma,RS,student,0,rahul.sharma@gmail.com,From chat share,,,,0,
p3623063c,Reyansh Malhotra,RM,student,1,reyansh.malhotra@gmail.com,From Community,Pathway consult,,2026-07-16 16:35,0,1999
p34d7e74b,Reyansh Patel,RP,student,0,reyansh.patel@gmail.com,Visited profile,,,,0,
p9cac64c9,Kabira Banerjee,KB,parent,0,kabira.banerjee@gmail.com,Visited profile,,,,0,
p655c4acd,Kabir Gupta,KG,student,0,kabir.gupta@gmail.com,From Community,,,,0,
pb2921423,Nisha Kulkarni,NK,student,0,nisha.kulkarni@gmail.com,Recommended match,,,,0,
p67ede838,Rohan Mehta,RM,student,0,rohan.mehta@gmail.com,Visited profile,,,,0,
p50a83bdb,Dev Agarwal,DA,student,0,dev.agarwal@gmail.com,Visited profile,,,,0,
p96bf5461,Sahil Bhat 72,S7,parent,0,sahil.bhat.72@gmail.com,Visited profile,,,,0,
pd9723eb6,Riya Khan 39,R3,student,1,riya.khan.39@gmail.com,Recommended match,,,2026-09-07 11:05,0,1999
p067566cc,Sahil Gupta,SG,parent,0,sahil.gupta@gmail.com,Recommended match,,,,0,
pabf283c7,Neel Desai,ND,student,0,neel.desai@gmail.com,Visited profile,,,,0,
p63862ed4,Zara Gupta,ZG,student,0,zara.gupta@gmail.com,Visited profile,,,,0,
pe927881b,Naina Singh,NS,student,0,naina.singh@gmail.com,Recommended match,,,,0,
p6748ac36,Tara Banerjee,TB,student,1,tara.banerjee@gmail.com,Visited profile,,,2026-09-23 16:00,0,1999
p83ddf922,Diya Iyer,DI,student,1,diya.iyer@gmail.com,Recommended match,,,2026-09-13 22:15,0,1999
p281e8376,Harsh Bhat,HB,student,0,harsh.bhat@gmail.com,Visited profile,,,,1,
p36f4f81f,Ananya Sharma,AS,student,0,ananya.sharma@gmail.com,Visited profile,,,,0,
p1c567f2d,Naina Pillai,NP,student,0,naina.pillai@gmail.com,Visited profile,,,,0,
p0813ed73,Sahil Pillai,SP,student,1,sahil.pillai@gmail.com,From chat share,,,2026-09-10 00:30,0,1999
p657b4a31,Nisha Singh,NS,student,1,nisha.singh@gmail.com,From Community,,,2026-08-19 07:40,0,1999
pb65d3f71,Diya Trivedi,DT,student,0,diya.trivedi@gmail.com,From Community,,,,0,
p2796b37d,Diya Gupta,DG,parent,0,diya.gupta@gmail.com,From chat share,,,,0,
p82f46355,Tanvi Trivedi,TT,parent,0,tanvi.trivedi@gmail.com,From chat share,,,,1,
pb36aaff6,Karan Chawla,KC,parent,0,karan.chawla@gmail.com,From chat share,,,,0,
p710dde0a,Vivaan Bose,VB,student,0,vivaan.bose@gmail.com,From Community,,,,0,
pdae50dd5,Nikhil Khan,NK,student,0,nikhil.khan@gmail.com,From chat share,,,,1,
p32e9f6a4,Aisha Ahuja,AA,student,1,aisha.ahuja@gmail.com,From chat share,,,2026-09-22 12:00,1,1999
pc4199743,Ishaan Singh 51,I5,parent,1,ishaan.singh.51@gmail.com,From chat share,Parent consult,,2026-07-11 04:15,1,1999
p18b0ba15,Ananya Menon 70,A7,student,0,ananya.menon.70@gmail.com,Visited profile,,,,0,
pe0f3b04c,Priya Ahuja,PA,student,0,priya.ahuja@gmail.com,Recommended match,,,,0,
p752f535e,Zara Patel 80,Z8,student,1,zara.patel.80@gmail.com,Visited profile,Pathway consult,,2026-08-20 21:30,0,1999
p6a5e184c,Sahil Desai,SD,student,0,sahil.desai@gmail.com,Visited profile,,,,0,
pf0575dde,Sahil Nanda,SN,student,0,sahil.nanda@gmail.com,From chat share,,,,1,
p00d2ed57,Rahul Desai,RD,parent,0,rahul.desai@gmail.com,Recommended match,,,,0,
p0dc66820,Myra Patel,MP,student,0,myra.patel@gmail.com,Visited profile,,,,0,
p1447f2ee,Kabira Agarwal,KA,student,0,kabira.agarwal@gmail.com,From chat share,,,,0,
p9379c48f,Isha Iyer,II,student,0,isha.iyer@gmail.com,From chat share,,,,1,
p6f3dd9d6,Diya Reddy,DR,student,1,diya.reddy@gmail.com,Visited profile,Essay workshop,,2026-09-23 16:00,0,1999
p210f86ca,Ayaan Singh,AS,student,0,ayaan.singh@gmail.com,From Community,,,,0,
pcec5d40f,Ayaan Iyer,AI,parent,1,ayaan.iyer@gmail.com,Visited profile,,For Vikram Bose,2026-06-25 01:30,0,1999
pf4cc2371,Kavita Bhat,KB,student,0,kavita.bhat@gmail.com,From Community,,,,0,
p9bb72e41,Veer Verma,VV,parent,1,veer.verma@gmail.com,From Community,,,2026-09-02 15:00,0,1999
pb9a7773f,Anvi Kapoor,AK,student,0,anvi.kapoor@gmail.com,From Community,,,,1,
p0a547157,Nikhil Das,ND,student,0,nikhil.das@gmail.com,Visited profile,,,,1,
p5d5a7aec,Sohan Khan,SK,student,0,sohan.khan@gmail.com,From Community,,,,1,
p09ebde1a,Dev Bhat,DB,student,1,dev.bhat@gmail.com,Visited profile,,,2026-07-28 18:05,0,1999
pea2961dc,Arnav Banerjee,AB,student,1,arnav.banerjee@gmail.com,From chat share,SOP review,,2026-09-09 22:00,0,1999
p8cab55a4,Jia Pillai,JP,student,0,jia.pillai@gmail.com,Recommended match,,,,0,
p5968ca65,Sana Desai,SD,student,0,sana.desai@gmail.com,Visited profile,,,,0,
pe37491dd,Kriti Jain,KJ,student,1,kriti.jain@gmail.com,Visited profile,,,2026-06-26 06:25,0,1999
p79a18079,Jia Sharma 85,J8,parent,0,jia.sharma.85@gmail.com,Visited profile,,,,1,
pa05d7266,Arnav Mehta,AM,student,0,arnav.mehta@gmail.com,From chat share,,,,0,
p76291642,Ayaan Nanda,AN,student,0,ayaan.nanda@gmail.com,Recommended match,,,,0,
p21a52fd5,Ira Nair,IN,student,0,ira.nair@gmail.com,From Community,,,,1,
p23b75efd,Kriti Kulkarni,KK,student,0,kriti.kulkarni@gmail.com,Recommended match,,,,0,
pc6d3e092,Ayaan Mehta,AM,student,0,ayaan.mehta@gmail.com,Recommended match,,,,0,
p070c18bc,Ravi Kulkarni 60,R6,student,0,ravi.kulkarni.60@gmail.com,Recommended match,,,,0,
p5d94c9ca,Tara Patel 29,T2,student,0,tara.patel.29@gmail.com,From Community,,,,0,
p6a7bcc2b,Sana Ghosh,SG,student,0,sana.ghosh@gmail.com,From chat share,,,,1,
pdd562f24,Ayaan Menon,AM,student,0,ayaan.menon@gmail.com,Recommended match,,,,1,
pd36556c3,Ananya Chawla,AC,student,0,ananya.chawla@gmail.com,Recommended match,,,,1,
p086ccd64,Kavita Khan,KK,student,0,kavita.khan@gmail.com,From Community,,,,0,
pff245626,Naina Agarwal,NA,parent,0,naina.agarwal@gmail.com,Recommended match,,,,1,
p7d6ea63c,Vikram Nair,VN,student,0,vikram.nair@gmail.com,From chat share,,,,0,
p0b8cadea,Kabira Iyer,KI,parent,0,kabira.iyer@gmail.com,From chat share,,,,0,
p9cc9c231,Anvi Bose,AB,student,1,anvi.bose@gmail.com,Visited profile,SOP review,,2026-07-05 11:10,0,1999
pe801e07c,Isha Pillai,IP,student,0,isha.pillai@gmail.com,From Community,,,,1,
pba1a46ca,Naina Mehta,NM,student,0,naina.mehta@gmail.com,Visited profile,,,,0,
pa9149edf,Isha Gupta 11,I1,student,1,isha.gupta.11@gmail.com,Visited profile,,,2026-09-21 16:30,1,1999
pfe8e9f4b,Rahul Jain,RJ,student,0,rahul.jain@gmail.com,Visited profile,,,,0,
pef5ab5aa,Isha Chawla,IC,student,1,isha.chawla@gmail.com,From chat share,College shortlisting,,2026-09-23 23:10,0,1999
p218763d8,Kavita Khan 46,K4,student,0,kavita.khan.46@gmail.com,Recommended match,,,,1,
p5979d875,Pooja Banerjee 89,P8,student,1,pooja.banerjee.89@gmail.com,From Community,,,2026-08-23 00:25,1,1999
p186ed56c,Dev Pillai 95,D9,student,0,dev.pillai.95@gmail.com,Recommended match,,,,0,
p527a5311,Isha Bose 37,I3,student,0,isha.bose.37@gmail.com,From chat share,,,,0,
p7ca703e7,Kiara Banerjee 38,K3,student,0,kiara.banerjee.38@gmail.com,From Community,,,,0,
p865b0a54,Leela Jain 40,L4,student,0,leela.jain.40@gmail.com,Visited profile,,,,1,
p2e0a6d21,Harsh Trivedi,HT,student,0,harsh.trivedi@gmail.com,From Community,,,,0,
pf7a5f45e,Rohan Gupta 51,R5,parent,0,rohan.gupta.51@gmail.com,Recommended match,,,,0,
p69588106,Manav Jain,MJ,student,0,manav.jain@gmail.com,From Community,,,,0,
p3d8299d2,Isha Patel,IP,student,0,isha.patel@gmail.com,Visited profile,,,,0,
p91cc57ef,Sahil Iyer,SI,student,0,sahil.iyer@gmail.com,From chat share,,,,0,
p22df45ee,Meera Pillai,MP,parent,0,meera.pillai@gmail.com,Recommended match,,,,1,
pa36a3226,Jia Menon,JM,student,0,jia.menon@gmail.com,Recommended match,,,,0,
p7b8641e5,Dhruv Singh,DS,student,0,dhruv.singh@gmail.com,From chat share,,,,0,
pec3f6766,Tara Banerjee 21,T2,student,0,tara.banerjee.21@gmail.com,Visited profile,,,,0,
p89ab455b,Riya Menon,RM,parent,0,riya.menon@gmail.com,From chat share,,,,0,
p2e0295e6,Anvi Ghosh 85,A8,student,1,anvi.ghosh.85@gmail.com,Recommended match,,,2026-07-02 10:40,0,1999
p1ed03102,Rohan Kapoor,RK,student,0,rohan.kapoor@gmail.com,From Community,,,,1,
p80a00775,Reyansh Banerjee,RB,parent,0,reyansh.banerjee@gmail.com,From Community,,,,0,
p41dca28e,Om Das 3,O3,student,0,om.das.3@gmail.com,Visited profile,,,,1,
p9044eb53,Diya Verma,DV,student,0,diya.verma@gmail.com,From chat share,,,,0,
p6650e8e3,Rahul Nanda,RN,student,0,rahul.nanda@gmail.com,Recommended match,,,,0,
pfa911e46,Dev Bhat 5,D5,student,0,dev.bhat.5@gmail.com,From chat share,,,,0,
p95182b61,Priya Desai,PD,student,0,priya.desai@gmail.com,From chat share,,,,0,
p6daa09a1,Kriti Joshi,KJ,parent,0,kriti.joshi@gmail.com,From Community,,,,1,
pd07ccbdf,Kavita Sharma,KS,student,0,kavita.sharma@gmail.com,Recommended match,,,,0,
pe1f4bffa,Dev Bose,DB,student,1,dev.bose@gmail.com,Visited profile,,,2026-09-18 22:35,1,1999
p7dcb223c,Sohan Gupta,SG,student,0,sohan.gupta@gmail.com,Visited profile,,,,1,
pe24fd4d7,Sohan Rao,SR,student,0,sohan.rao@gmail.com,Recommended match,,,,0,
p8a826c6c,Aditi Mehta,AM,student,0,aditi.mehta@gmail.com,Recommended match,,,,0,
pe1ec4e5b,Tanvi Pillai,TP,student,0,tanvi.pillai@gmail.com,From chat share,,,,0,
p143045f1,Om Bose,OB,student,0,om.bose@gmail.com,Recommended match,,,,0,
pe135b9df,Tanvi Jain,TJ,student,0,tanvi.jain@gmail.com,From chat share,,,,0,
pa8c5e407,Sana Nair,SN,student,1,sana.nair@gmail.com,From Community,Essay workshop,,2026-07-10 07:50,0,1999
pb3caed82,Vivaan Banerjee,VB,student,0,vivaan.banerjee@gmail.com,From chat share,,,,0,
p2085991b,Dhruv Bhat,DB,student,0,dhruv.bhat@gmail.com,From chat share,,,,0,
p1a800bcb,Rohan Nanda,RN,parent,0,rohan.nanda@gmail.com,From chat share,,,,1,
p085f40c9,Diya Chawla,DC,student,0,diya.chawla@gmail.com,Visited profile,,,,0,
p61f9b5ed,Aarav Bhat 86,A8,student,0,aarav.bhat.86@gmail.com,From Community,,,,0,
p5d897d25,Riya Verma,RV,student,0,riya.verma@gmail.com,Visited profile,,,,0,
p2ed9869b,Neel Desai 37,N3,parent,0,neel.desai.37@gmail.com,Visited profile,,,,0,
p0fcca927,Manav Singh 91,M9,student,0,manav.singh.91@gmail.com,Recommended match,,,,0,
pb7912e2b,Ishaan Das,ID,student,0,ishaan.das@gmail.com,From Community,,,,0,
p182bd058,Ishaan Pillai 9,I9,student,0,ishaan.pillai.9@gmail.com,Recommended match,,,,1,
p84f45327,Priya Saxena,PS,student,0,priya.saxena@gmail.com,Visited profile,,,,0,
pe2245294,Vivaan Mehta,VM,student,0,vivaan.mehta@gmail.com,Visited profile,,,,1,
p359a13b2,Kabir Nanda,KN,student,0,kabir.nanda@gmail.com,Visited profile,,,,1,
p586c40a5,Kavita Khan 61,K6,student,1,kavita.khan.61@gmail.com,From Community,,,2026-09-03 22:25,1,1999
pc49cef5f,Arjun Khan,AK,student,1,arjun.khan@gmail.com,From chat share,Parent consult,,2026-07-15 12:45,0,1999
p43ea7db0,Arnav Desai,AD,student,1,arnav.desai@gmail.com,From Community,,,2026-09-12 18:55,1,1999
pc61d93d7,Arnav Bose,AB,student,0,arnav.bose@gmail.com,From Community,,,,1,
p403d46a9,Arjun Sharma,AS,student,1,arjun.sharma@gmail.com,From Community,,,2026-08-06 00:45,0,1999
p8b3bfcbd,Veer Kulkarni,VK,student,1,veer.kulkarni@gmail.com,Visited profile,,,2026-08-26 18:25,1,1999
p6579a45e,Aarav Kapoor,AK,student,0,aarav.kapoor@gmail.com,From chat share,,,,1,
p3fa1e778,Harsh Joshi,HJ,student,0,harsh.joshi@gmail.com,From chat share,,,,1,
pb136cfe1,Ishaan Sharma,IS,student,1,ishaan.sharma@gmail.com,Recommended match,,,2026-07-18 06:20,1,1999
pbbdc9758,Kabira Khan,KK,student,1,kabira.khan@gmail.com,From Community,,,2026-07-27 22:10,0,1999
p1cfe10d1,Dev Kapoor,DK,student,1,dev.kapoor@gmail.com,From chat share,,,2026-08-23 22:40,0,1999
p01c6b10a,Kiara Patel,KP,student,0,kiara.patel@gmail.com,Recommended match,,,,0,
p08cbd87c,Diya Malhotra,DM,student,0,diya.malhotra@gmail.com,From chat share,,,,0,
p7e84aca6,Neel Kapoor,NK,student,0,neel.kapoor@gmail.com,From Community,,,,0,
p502c0062,Ayaan Singh 72,A7,student,1,ayaan.singh.72@gmail.com,From chat share,Pathway consult,,2026-07-26 18:10,1,1999
pf30c22a3,Manav Bose,MB,student,0,manav.bose@gmail.com,From Community,,,,0,
pf9612f41,Anika Menon,AM,student,0,anika.menon@gmail.com,From chat share,,,,0,
pf9f29267,Diya Agarwal 74,D7,student,0,diya.agarwal.74@gmail.com,From chat share,,,,1,
pa4528bbe,Sana Banerjee 30,S3,parent,0,sana.banerjee.30@gmail.com,From chat share,,,,0,
p4d5201fd,Sneha Verma,SV,student,0,sneha.verma@gmail.com,From chat share,,,,1,
p1aed5c9c,Kavita Das,KD,student,0,kavita.das@gmail.com,From chat share,,,,0,
p834c38e0,Vivaan Kapoor 99,V9,student,1,vivaan.kapoor.99@gmail.com,From Community,,,2026-08-20 21:25,0,1999
pee836b3a,Diya Agarwal 24,D2,parent,0,diya.agarwal.24@gmail.com,Visited profile,,,,0,
p77e63c9d,Naina Joshi,NJ,student,1,naina.joshi@gmail.com,From chat share,,,2026-06-25 15:40,0,1999
p77e86d60,Myra Nanda,MN,student,1,myra.nanda@gmail.com,Recommended match,,,2026-07-10 02:10,0,1999
p247c9f14,Ayaan Rao,AR,student,0,ayaan.rao@gmail.com,Visited profile,,,,1,
p369edfd6,Aditi Banerjee,AB,student,0,aditi.banerjee@gmail.com,From Community,,,,1,
p46b78d33,Reyansh Malhotra 18,R1,student,1,reyansh.malhotra.18@gmail.com,From Community,,,2026-09-09 12:00,0,1999
p6b794b2e,Jia Reddy 20,J2,student,0,jia.reddy.20@gmail.com,From Community,,,,0,
pecb9a9f0,Manav Saxena,MS,student,1,manav.saxena@gmail.com,From Community,,,2026-09-21 05:05,0,1999
p9809226d,Ishaan Das 45,I4,student,1,ishaan.das.45@gmail.com,Recommended match,Pathway consult,,2026-08-31 11:40,0,1999
pd2fdcbac,Ayaan Chawla,AC,student,0,ayaan.chawla@gmail.com,From chat share,,,,0,
p45a61985,Reyansh Menon,RM,student,0,reyansh.menon@gmail.com,From chat share,,,,0,
p6cbf2566,Anika Trivedi,AT,student,0,anika.trivedi@gmail.com,From Community,,,,1,
pab9b19cb,Aarav Desai,AD,student,0,aarav.desai@gmail.com,Recommended match,,,,0,
p9de351d6,Myra Kapoor 25,M2,student,0,myra.kapoor.25@gmail.com,Visited profile,,,,0,
p0450d965,Aditi Chawla,AC,student,0,aditi.chawla@gmail.com,Recommended match,,,,1,
p1520c727,Vivaan Nair,VN,student,0,vivaan.nair@gmail.com,From chat share,,,,1,
pe8572a80,Ravi Ghosh,RG,student,0,ravi.ghosh@gmail.com,From Community,,,,0,
pe363cd76,Ira Reddy,IR,student,0,ira.reddy@gmail.com,Recommended match,,,,1,
p973b00fa,Priya Menon,PM,parent,1,priya.menon@gmail.com,Visited profile,Parent consult,For Kavita Jain,2026-07-04 20:50,0,1999
p9b0c63fd,Anika Joshi,AJ,student,1,anika.joshi@gmail.com,Visited profile,,,2026-07-17 00:20,0,1999
p957306f4,Anvi Ahuja 30,A3,parent,1,anvi.ahuja.30@gmail.com,Recommended match,,For Sana Sharma,2026-08-20 07:40,0,1999
pa111b0e8,Tanvi Mehta 23,T2,student,1,tanvi.mehta.23@gmail.com,Recommended match,College shortlisting,,2026-09-23 16:00,0,1999
p5e447b84,Reyansh Jain,RJ,student,1,reyansh.jain@gmail.com,From chat share,,,2026-07-03 14:35,1,1999
pb2d15a13,Nikhil Iyer 8,N8,parent,1,nikhil.iyer.8@gmail.com,Visited profile,Parent consult,,2026-06-28 13:50,0,1999
p83262bb5,Tara Sharma,TS,student,0,tara.sharma@gmail.com,Recommended match,,,,1,
pdc369e2f,Harsh Pillai 72,H7,student,1,harsh.pillai.72@gmail.com,Visited profile,Pathway consult,,2026-08-29 06:35,1,1999
p709f17ec,Leela Chawla,LC,student,1,leela.chawla@gmail.com,From Community,SOP review,,2026-08-12 02:15,0,1999
p2eed67e1,Ravi Gupta,RG,student,0,ravi.gupta@gmail.com,From chat share,,,,0,
p7a475f08,Ayaan Jain,AJ,student,1,ayaan.jain@gmail.com,Visited profile,SOP review,,2026-09-14 08:15,0,1999
pd50db202,Anika Joshi 25,A2,student,0,anika.joshi.25@gmail.com,Visited profile,,,,0,
p2d20a353,Aditi Ghosh 36,A3,student,1,aditi.ghosh.36@gmail.com,Recommended match,,,2026-07-22 20:25,1,1999
p39d52f48,Leela Joshi,LJ,student,0,leela.joshi@gmail.com,Recommended match,,,,0,
p2c9d145d,Aditi Rao,AR,parent,0,aditi.rao@gmail.com,Visited profile,,,,0,
p4514850f,Tara Ahuja 62,T6,student,0,tara.ahuja.62@gmail.com,Visited profile,,,,0,
p3094bd32,Harsh Jain,HJ,student,1,harsh.jain@gmail.com,Recommended match,,,2026-06-27 02:15,0,1999
p4dadd7c1,Myra Ahuja,MA,student,1,myra.ahuja@gmail.com,Visited profile,,,2026-07-22 18:15,0,1999
p5b9bd833,Kavita Malhotra,KM,student,1,kavita.malhotra@gmail.com,From chat share,Parent consult,,2026-09-21 16:25,0,1999
p569c6def,Aisha Nanda 78,A7,student,0,aisha.nanda.78@gmail.com,Visited profile,,,,0,
p2d5fc75c,Tanvi Nair,TN,student,0,tanvi.nair@gmail.com,From chat share,,,,0,
p13af1998,Vikram Verma 60,V6,student,1,vikram.verma.60@gmail.com,From Community,,,2026-09-19 20:35,0,1999
p337ca26f,Pooja Das,PD,student,1,pooja.das@gmail.com,From Community,,,2026-07-25 01:00,0,1999
p4afa3d96,Ananya Agarwal,AA,parent,0,ananya.agarwal@gmail.com,Recommended match,,,,0,
p649c5e36,Tara Jain,TJ,student,0,tara.jain@gmail.com,From Community,,,,0,
p540c5229,Ayaan Pillai,AP,student,1,ayaan.pillai@gmail.com,Recommended match,SOP review,,2026-09-21 06:15,0,1999
p52a5b278,Sahil Desai 53,S5,parent,0,sahil.desai.53@gmail.com,From Community,,,,0,
p8697b71d,Rohan Kapoor 97,R9,student,0,rohan.kapoor.97@gmail.com,From Community,,,,0,
pda37d771,Karan Ghosh 40,K4,student,0,karan.ghosh.40@gmail.com,Recommended match,,,,0,
pfae7b779,Sahil Das,SD,student,0,sahil.das@gmail.com,Visited profile,,,,0,
p94b63c5f,Vivaan Khan,VK,student,0,vivaan.khan@gmail.com,From chat share,,,,0,
p67b05b30,Zara Chawla 13,Z1,student,1,zara.chawla.13@gmail.com,From Community,,,2026-09-06 23:55,0,1999
pc3740e99,Anvi Verma,AV,student,0,anvi.verma@gmail.com,Recommended match,,,,0,
pd9550c3e,Kavita Nair,KN,student,0,kavita.nair@gmail.com,From Community,,,,1,
p390d15ac,Manav Jain 74,M7,parent,1,manav.jain.74@gmail.com,From Community,,,2026-07-25 20:55,1,1999
paf81cef5,Yash Kapoor,YK,student,0,yash.kapoor@gmail.com,From Community,,,,0,
p2a8b7c0c,Yash Verma,YV,student,0,yash.verma@gmail.com,Visited profile,,,,0,
p2c5c8a42,Rohan Joshi,RJ,student,0,rohan.joshi@gmail.com,Visited profile,,,,0,
pc782b788,Sneha Pillai,SP,student,0,sneha.pillai@gmail.com,Visited profile,,,,0,
pfc1ccff2,Priya Kulkarni,PK,student,1,priya.kulkarni@gmail.com,Recommended match,College shortlisting,,2026-07-09 13:05,1,1999
p3d0da10a,Myra Bhat,MB,student,0,myra.bhat@gmail.com,From chat share,,,,0,
pf525db6b,Sahil Malhotra,SM,student,0,sahil.malhotra@gmail.com,From Community,,,,1,
pffaf9395,Dhruv Bhat 89,D8,parent,0,dhruv.bhat.89@gmail.com,Visited profile,,,,0,
p99827d74,Zara Menon,ZM,parent,0,zara.menon@gmail.com,Recommended match,,,,0,
p918a81aa,Arjun Desai,AD,student,0,arjun.desai@gmail.com,From Community,,,,0,
p58ac47a7,Anika Saxena,AS,student,0,anika.saxena@gmail.com,Recommended match,,,,0,
pdd094e28,Sahil Verma,SV,student,0,sahil.verma@gmail.com,Recommended match,,,,1,
p4312164f,Kriti Ahuja,KA,student,0,kriti.ahuja@gmail.com,From chat share,,,,0,
p59d02fad,Zara Banerjee,ZB,student,0,zara.banerjee@gmail.com,From chat share,,,,0,
pff44bdcf,Karan Sharma,KS,student,0,karan.sharma@gmail.com,Visited profile,,,,0,
p85ede5f6,Arnav Jain,AJ,student,1,arnav.jain@gmail.com,Visited profile,SOP review,,2026-08-31 19:00,0,1999
p1aaac365,Zara Patel 86,Z8,student,1,zara.patel.86@gmail.com,Recommended match,Pathway consult,,2026-09-16 09:25,0,1999
p328d9dba,Priya Agarwal,PA,student,0,priya.agarwal@gmail.com,Recommended match,,,,1,
p913c2289,Arnav Pillai,AP,student,0,arnav.pillai@gmail.com,Visited profile,,,,0,
p6d2d0bc6,Sahil Rao 83,S8,student,0,sahil.rao.83@gmail.com,From chat share,,,,0,
p2c2176c3,Kriti Trivedi,KT,student,0,kriti.trivedi@gmail.com,From chat share,,,,0,
pda7d5db7,Om Trivedi,OT,parent,1,om.trivedi@gmail.com,Recommended match,,,2026-08-02 17:15,0,1999
p5dbede93,Sahil Jain 44,S4,student,0,sahil.jain.44@gmail.com,From Community,,,,1,
p2273a5ce,Arjun Singh,AS,student,0,arjun.singh@gmail.com,From Community,,,,0,
p73c0ec46,Nisha Khan 17,N1,student,0,nisha.khan.17@gmail.com,From Community,,,,0,
pbf6b56e5,Reyansh Nair 62,R6,student,0,reyansh.nair.62@gmail.com,Recommended match,,,,0,
pe54d7ffd,Anika Verma,AV,student,1,anika.verma@gmail.com,Recommended match,,,2026-08-07 09:45,1,1999
pb1d568fc,Kabir Mehta,KM,student,0,kabir.mehta@gmail.com,From chat share,,,,0,
p9a46aa11,Yash Nanda,YN,student,0,yash.nanda@gmail.com,From Community,,,,0,
pbe28fb95,Ayaan Mehta 82,A8,student,0,ayaan.mehta.82@gmail.com,From chat share,,,,1,
p5376e664,Ira Sharma,IS,student,0,ira.sharma@gmail.com,From chat share,,,,0,
p5b518bcc,Kavita Gupta,KG,student,0,kavita.gupta@gmail.com,Visited profile,,,,1,
pb46384ab,Nikhil Chawla,NC,student,0,nikhil.chawla@gmail.com,Visited profile,,,,0,
p7fdfc08c,Aarav Kapoor 70,A7,student,0,aarav.kapoor.70@gmail.com,Recommended match,,,,1,
p9051c19e,Sana Bhat,SB,student,1,sana.bhat@gmail.com,From chat share,,,2026-09-01 13:55,0,1999
p9104566e,Rohan Bose,RB,student,0,rohan.bose@gmail.com,From Community,,,,1,
pe9e21a24,Anika Verma 77,A7,student,1,anika.verma.77@gmail.com,From chat share,Visa readiness,,2026-07-01 16:15,0,1999
p7afe83d5,Manav Banerjee 69,M6,student,0,manav.banerjee.69@gmail.com,From chat share,,,,0,
p03a448da,Karan Jain,KJ,student,0,karan.jain@gmail.com,From Community,,,,1,
pe2cf1403,Harsh Reddy,HR,student,0,harsh.reddy@gmail.com,From chat share,,,,1,
pd74fefb0,Kiara Reddy,KR,student,1,kiara.reddy@gmail.com,Recommended match,Parent consult,,2026-09-07 00:25,0,1999
p6e59ea6f,Anika Jain,AJ,student,0,anika.jain@gmail.com,Visited profile,,,,0,
p239b72de,Zara Kapoor,ZK,student,0,zara.kapoor@gmail.com,From chat share,,,,1,
pdd4c8b92,Naina Das,ND,student,0,naina.das@gmail.com,From Community,,,,0,
pa0179620,Sneha Desai 21,S2,student,0,sneha.desai.21@gmail.com,From Community,,,,1,
p543dedc0,Pooja Ahuja,PA,parent,0,pooja.ahuja@gmail.com,Recommended match,,,,0,
p2aa020c2,Naina Nanda 55,N5,student,1,naina.nanda.55@gmail.com,Visited profile,,,2026-09-23 16:00,1,1999
pd78e3f34,Dev Menon 15,D1,student,0,dev.menon.15@gmail.com,From Community,,,,0,
pdea06b3a,Manav Malhotra,MM,student,0,manav.malhotra@gmail.com,Visited profile,,,,1,
pbd4e327a,Veer Gupta,VG,student,0,veer.gupta@gmail.com,From Community,,,,0,
pa16457ac,Rohan Reddy,RR,parent,1,rohan.reddy@gmail.com,From chat share,Essay workshop,,2026-09-04 03:55,1,1999
pa64e228f,Ravi Bhat,RB,student,0,ravi.bhat@gmail.com,From Community,,,,1,
pd7c1469e,Priya Chawla,PC,student,0,priya.chawla@gmail.com,From Community,,,,0,
p412d867d,Yash Kapoor 14,Y1,student,0,yash.kapoor.14@gmail.com,From chat share,,,,0,
pc80876ee,Rahul Menon,RM,student,0,rahul.menon@gmail.com,Recommended match,,,,1,
pd233bf0b,Anvi Jain,AJ,parent,0,anvi.jain@gmail.com,Visited profile,,,,0,
pc4039cf4,Kavita Mehta,KM,student,0,kavita.mehta@gmail.com,From chat share,,,,0,
p731c5de0,Kiara Nair,KN,student,0,kiara.nair@gmail.com,Recommended match,,,,1,
p11035fc8,Harsh Khan,HK,student,0,harsh.khan@gmail.com,From Community,,,,0,
pb78aa123,Pooja Chawla,PC,student,1,pooja.chawla@gmail.com,Visited profile,Parent consult,,2026-07-17 16:10,1,1999
pa410cf7c,Kavita Das 55,K5,student,0,kavita.das.55@gmail.com,Visited profile,,,,0,
pe96f007d,Ira Iyer,II,student,0,ira.iyer@gmail.com,Recommended match,,,,0,
p5f630940,Sahil Jain 95,S9,student,1,sahil.jain.95@gmail.com,From Community,,,2026-09-18 17:30,1,1999
p1be0953a,Pooja Khan 7,P7,parent,0,pooja.khan.7@gmail.com,From chat share,,,,1,
p9d01e871,Sahil Verma 97,S9,student,0,sahil.verma.97@gmail.com,From Community,,,,0,
p75b531b8,Leela Saxena,LS,student,0,leela.saxena@gmail.com,From chat share,,,,0,
p9e3e33c1,Ananya Singh 86,A8,student,0,ananya.singh.86@gmail.com,From chat share,,,,0,
p9934dbca,Kabira Patel,KP,parent,0,kabira.patel@gmail.com,From Community,,,,0,
p23ae5efc,Reyansh Kapoor,RK,parent,0,reyansh.kapoor@gmail.com,From chat share,,,,0,
p0345be28,Sneha Saxena,SS,student,1,sneha.saxena@gmail.com,Recommended match,,,2026-07-22 22:15,0,1999
p5848e8dc,Karan Sharma 8,K8,student,0,karan.sharma.8@gmail.com,Visited profile,,,,0,
peb836eb1,Rohan Nair,RN,student,0,rohan.nair@gmail.com,Recommended match,,,,0,
p0b908e11,Ayaan Khan 42,A4,parent,0,ayaan.khan.42@gmail.com,From chat share,,,,0,
p2c3dbeb2,Ananya Patel,AP,student,0,ananya.patel@gmail.com,Recommended match,,,,1,
pf485b433,Ravi Menon,RM,student,0,ravi.menon@gmail.com,Recommended match,,,,0,
p112ea395,Kriti Rao 28,K2,student,0,kriti.rao.28@gmail.com,Visited profile,,,,0,
pf8de8f8a,Jia Ghosh,JG,student,0,jia.ghosh@gmail.com,Visited profile,,,,0,
pd3b262ae,Reyansh Banerjee 62,R6,student,0,reyansh.banerjee.62@gmail.com,From Community,,,,0,
p81d1a7d8,Ananya Bhat,AB,student,1,ananya.bhat@gmail.com,Visited profile,Parent consult,,2026-09-06 22:25,0,1999
p5f60026d,Nisha Rao,NR,student,0,nisha.rao@gmail.com,From chat share,,,,1,
p8081e26f,Kavita Gupta 19,K1,student,0,kavita.gupta.19@gmail.com,Recommended match,,,,0,
pa9856d98,Priya Banerjee,PB,student,1,priya.banerjee@gmail.com,From chat share,,,2026-08-17 06:55,1,1999
p07e67453,Kabir Desai,KD,student,0,kabir.desai@gmail.com,From Community,,,,1,
p1bed3e02,Aisha Ghosh,AG,student,1,aisha.ghosh@gmail.com,From chat share,,,2026-09-03 08:15,0,1999
p45a021cf,Ishaan Verma,IV,parent,0,ishaan.verma@gmail.com,From Community,,,,0,
pd8c7dbba,Jia Rao 57,J5,student,0,jia.rao.57@gmail.com,Visited profile,,,,0,
p2c8bf589,Om Desai,OD,student,0,om.desai@gmail.com,Recommended match,,,,1,
p4016031c,Anika Ahuja 78,A7,student,0,anika.ahuja.78@gmail.com,Recommended match,,,,0,
p78b00ffd,Pooja Banerjee 90,P9,student,0,pooja.banerjee.90@gmail.com,Recommended match,,,,0,
pf0c10b19,Nisha Khan 19,N1,parent,0,nisha.khan.19@gmail.com,Recommended match,,,,0,
p9b441f9a,Kriti Trivedi 91,K9,student,0,kriti.trivedi.91@gmail.com,From chat share,,,,0,
p7d941751,Veer Chawla,VC,student,1,veer.chawla@gmail.com,Recommended match,,,2026-08-31 09:00,0,1999
paa7adad7,Sahil Nanda 92,S9,student,0,sahil.nanda.92@gmail.com,From chat share,,,,0,
p9169ca7f,Naina Chawla,NC,student,1,naina.chawla@gmail.com,From Community,Pathway consult,,2026-09-12 13:40,0,1999
p1f5bf754,Leela Desai 55,L5,student,0,leela.desai.55@gmail.com,Recommended match,,,,0,
p539aaf9a,Nikhil Menon,NM,parent,1,nikhil.menon@gmail.com,Recommended match,College shortlisting,,2026-06-27 06:50,1,1999
pbeaaadae,Anvi Menon,AM,parent,0,anvi.menon@gmail.com,Visited profile,,,,0,
p889a237a,Jia Desai 39,J3,student,0,jia.desai.39@gmail.com,From chat share,,,,0,
p5ec9e8d6,Ira Das,ID,student,0,ira.das@gmail.com,From Community,,,,0,
p070ce32f,Aditi Kulkarni 84,A8,student,0,aditi.kulkarni.84@gmail.com,From chat share,,,,0,
pe67c90fd,Naina Trivedi 90,N9,student,0,naina.trivedi.90@gmail.com,From Community,,,,0,
pe39ad5f2,Sahil Mehta 72,S7,parent,0,sahil.mehta.72@gmail.com,Recommended match,,,,1,
p983d942a,Dhruv Saxena,DS,student,0,dhruv.saxena@gmail.com,Recommended match,,,,0,
pfb4b6df0,Arnav Desai 84,A8,student,0,arnav.desai.84@gmail.com,Recommended match,,,,0,
p3ff4014a,Kabir Bhat,KB,student,1,kabir.bhat@gmail.com,Recommended match,Parent consult,,2026-08-29 16:30,1,1999
p747b2ba9,Om Kulkarni,OK,student,0,om.kulkarni@gmail.com,From Community,,,,0,
pb045aefb,Veer Sharma,VS,parent,0,veer.sharma@gmail.com,From Community,,,,0,
p0b487b70,Karan Khan,KK,student,1,karan.khan@gmail.com,Visited profile,Visa readiness,,2026-08-10 16:25,0,1999
p1649b14c,Dhruv Agarwal,DA,student,0,dhruv.agarwal@gmail.com,From Community,,,,0,
p5d529f71,Myra Rao 47,M4,parent,0,myra.rao.47@gmail.com,From chat share,,,,0,
p6e8c6b49,Om Verma,OV,parent,0,om.verma@gmail.com,Recommended match,,,,0,
pc47b37e5,Tara Patel 13,T1,student,0,tara.patel.13@gmail.com,From chat share,,,,0,
p5c85e60d,Karan Joshi 39,K3,student,0,karan.joshi.39@gmail.com,From Community,,,,0,
p95cfb4d3,Veer Ghosh,VG,student,0,veer.ghosh@gmail.com,From chat share,,,,1,
pb91c0ace,Diya Khan,DK,student,0,diya.khan@gmail.com,Recommended match,,,,0,
p1741650f,Rohan Kapoor 89,R8,student,0,rohan.kapoor.89@gmail.com,Recommended match,,,,0,
pc040d255,Dev Patel,DP,student,0,dev.patel@gmail.com,From chat share,,,,1,
ped1ed9d0,Manav Ghosh,MG,student,0,manav.ghosh@gmail.com,From Community,,,,0,
pc5e6c81d,Ayaan Kapoor,AK,student,0,ayaan.kapoor@gmail.com,Recommended match,,,,0,
p56cffeaa,Ravi Das,RD,parent,0,ravi.das@gmail.com,Recommended match,,,,0,
pb35470c5,Aarav Chawla,AC,parent,0,aarav.chawla@gmail.com,From Community,,,,0,
p2ed51c57,Sahil Singh,SS,student,1,sahil.singh@gmail.com,Visited profile,,,2026-09-02 01:50,0,1999
p8739e27f,Vivaan Bhat,VB,student,0,vivaan.bhat@gmail.com,From Community,,,,1,
p516dd06d,Sahil Nanda 5,S5,student,0,sahil.nanda.5@gmail.com,From Community,,,,1,
p2d1e31e5,Jia Iyer 34,J3,student,0,jia.iyer.34@gmail.com,From Community,,,,1,
p46592281,Priya Singh,PS,student,0,priya.singh@gmail.com,Recommended match,,,,0,
pbc8e1183,Meera Patel,MP,student,0,meera.patel@gmail.com,From Community,,,,0,
p1ed58b32,Reyansh Nair 98,R9,student,1,reyansh.nair.98@gmail.com,Recommended match,,,2026-08-28 18:30,0,1999
p4f2fe46c,Kriti Das 39,K3,student,0,kriti.das.39@gmail.com,Recommended match,,,,1,
p90f96e1f,Anvi Agarwal 58,A5,student,0,anvi.agarwal.58@gmail.com,Recommended match,,,,1,
p0da63afd,Kavita Rao,KR,student,0,kavita.rao@gmail.com,From chat share,,,,0,
p8156ced0,Tara Trivedi,TT,student,1,tara.trivedi@gmail.com,Visited profile,,,2026-07-27 16:15,0,1999
p9a9ef6b2,Kiara Chawla,KC,student,0,kiara.chawla@gmail.com,Visited profile,,,,0,
p178a5bb5,Veer Nanda 17,V1,parent,0,veer.nanda.17@gmail.com,From chat share,,,,0,
p2b336d29,Veer Nair,VN,student,0,veer.nair@gmail.com,Recommended match,,,,0,
p103b917e,Diya Malhotra 54,D5,student,0,diya.malhotra.54@gmail.com,From Community,,,,1,
pa887b3c1,Om Bose 80,O8,student,1,om.bose.80@gmail.com,Recommended match,,,2026-07-22 03:55,0,1999
p2f3e85c3,Jia Saxena 98,J9,student,0,jia.saxena.98@gmail.com,Recommended match,,,,0,
p5d0d2bdd,Veer Nair 39,V3,student,0,veer.nair.39@gmail.com,Visited profile,,,,1,
p66df9d0d,Ishaan Gupta,IG,student,0,ishaan.gupta@gmail.com,Visited profile,,,,0,
pf354f918,Rohan Das 38,R3,student,0,rohan.das.38@gmail.com,From Community,,,,0,
pfed70045,Ira Mehta,IM,student,0,ira.mehta@gmail.com,Recommended match,,,,0,
p936c08bf,Myra Pillai,MP,student,0,myra.pillai@gmail.com,Recommended match,,,,0,
p6cbdc9b0,Aarav Mehta,AM,student,0,aarav.mehta@gmail.com,From Community,,,,0,
pd2489bf9,Nikhil Sharma,NS,student,1,nikhil.sharma@gmail.com,Recommended match,,,2026-09-05 22:00,0,1999
pa1d529a6,Yash Khan 47,Y4,student,0,yash.khan.47@gmail.com,Visited profile,,,,1,
p44d8a495,Kabira Banerjee 12,K1,student,0,kabira.banerjee.12@gmail.com,From Community,,,,1,
p67d9454c,Tara Malhotra,TM,student,0,tara.malhotra@gmail.com,Recommended match,,,,1,
pd81c702a,Tanvi Jain 4,T4,student,0,tanvi.jain.4@gmail.com,Recommended match,,,,0,
pb3e1a384,Ishaan Patel 77,I7,student,1,ishaan.patel.77@gmail.com,From chat share,Essay workshop,,2026-08-31 20:15,0,1999
pe5920edf,Dhruv Nanda 48,D4,student,0,dhruv.nanda.48@gmail.com,From chat share,,,,0,
p7a53cd18,Nisha Nanda,NN,student,0,nisha.nanda@gmail.com,From chat share,,,,0,
pdfcb084b,Kriti Reddy,KR,student,0,kriti.reddy@gmail.com,Recommended match,,,,0,
pfa28a0ec,Reyansh Ahuja 23,R2,student,1,reyansh.ahuja.23@gmail.com,Visited profile,Essay workshop,,2026-08-09 03:05,0,1999
pcec3cdfa,Leela Saxena 20,L2,student,0,leela.saxena.20@gmail.com,From Community,,,,0,
p75957ab7,Aditi Bhat 64,A6,student,0,aditi.bhat.64@gmail.com,From chat share,,,,1,
pd5fc0c8a,Leela Malhotra 68,L6,student,0,leela.malhotra.68@gmail.com,Visited profile,,,,0,
p811b14b4,Yash Jain,YJ,parent,0,yash.jain@gmail.com,Visited profile,,,,0,
p5b0e3d08,Arnav Verma,AV,student,0,arnav.verma@gmail.com,From chat share,,,,0,
paa69d6ae,Ishaan Rao 74,I7,parent,0,ishaan.rao.74@gmail.com,From Community,,,,0,
p08aaf7cc,Kabira Jain,KJ,student,0,kabira.jain@gmail.com,Visited profile,,,,0,
p1a9ed0df,Aditi Verma,AV,student,0,aditi.verma@gmail.com,From chat share,,,,0,
pdde69eae,Sneha Jain,SJ,student,0,sneha.jain@gmail.com,Recommended match,,,,1,
p1226f19b,Kavita Bose,KB,parent,0,kavita.bose@gmail.com,Visited profile,,,,1,
pcaf179af,Om Iyer 48,O4,student,0,om.iyer.48@gmail.com,Visited profile,,,,0,
p06a3dd9e,Pooja Menon 44,P4,student,0,pooja.menon.44@gmail.com,From Community,,,,0,
p3f677114,Riya Pillai,RP,parent,0,riya.pillai@gmail.com,Recommended match,,,,1,
pb0206def,Sohan Nanda,SN,student,1,sohan.nanda@gmail.com,Recommended match,,,2026-09-23 16:00,1,1999
p37958916,Myra Nanda 9,M9,parent,0,myra.nanda.9@gmail.com,From chat share,,,,0,
p3ec13e94,Harsh Banerjee 74,H7,student,0,harsh.banerjee.74@gmail.com,Visited profile,,,,0,
peb241422,Nisha Nair,NN,student,0,nisha.nair@gmail.com,Recommended match,,,,0,
p71a07a80,Sneha Iyer,SI,student,0,sneha.iyer@gmail.com,Visited profile,,,,1,
p3837c478,Ishaan Ghosh,IG,student,0,ishaan.ghosh@gmail.com,Recommended match,,,,0,
pb469b835,Kavita Kulkarni 89,K8,student,0,kavita.kulkarni.89@gmail.com,Visited profile,,,,0,
p3d05c26c,Aditi Patel 51,A5,parent,1,aditi.patel.51@gmail.com,Recommended match,Essay workshop,,2026-07-25 22:55,0,1999
peae90fb0,Zara Das,ZD,parent,0,zara.das@gmail.com,From Community,,,,0,
paaeeab92,Tara Verma 98,T9,parent,0,tara.verma.98@gmail.com,From chat share,,,,1,
p54123024,Zara Rao,ZR,student,0,zara.rao@gmail.com,From Community,,,,0,
p5e3bd96a,Kabira Singh,KS,student,0,kabira.singh@gmail.com,Recommended match,,,,1,
p60e54b0d,Manav Singh 31,M3,student,0,manav.singh.31@gmail.com,From chat share,,,,0,
p3c162395,Diya Pillai,DP,student,0,diya.pillai@gmail.com,From chat share,,,,0,
pf4f1385e,Myra Das 56,M5,parent,0,myra.das.56@gmail.com,From chat share,,,,1,
pe3d1c9a2,Ravi Trivedi,RT,student,0,ravi.trivedi@gmail.com,From chat share,,,,0,
p6f2f7c97,Aarav Desai 97,A9,student,0,aarav.desai.97@gmail.com,Visited profile,,,,1,
pc5e49f07,Aarav Patel,AP,student,0,aarav.patel@gmail.com,From Community,,,,0,
pcd5d0908,Rahul Das,RD,parent,0,rahul.das@gmail.com,Recommended match,,,,0,
pd2fbbfdb,Tara Singh,TS,student,0,tara.singh@gmail.com,From Community,,,,0,
pccea74a9,Harsh Bhat 28,H2,student,0,harsh.bhat.28@gmail.com,Recommended match,,,,0,
p15cd4f6b,Rahul Rao,RR,student,0,rahul.rao@gmail.com,From chat share,,,,0,
p757cd7d8,Diya Bhat 92,D9,student,1,diya.bhat.92@gmail.com,From chat share,,,2026-09-21 21:05,1,1999
p92e06c6e,Aditi Khan,AK,student,0,aditi.khan@gmail.com,Recommended match,,,,1,
pc2e2191e,Kriti Patel 45,K4,student,0,kriti.patel.45@gmail.com,From chat share,,,,0,
p202e8d62,Jia Iyer 51,J5,student,1,jia.iyer.51@gmail.com,From chat share,SOP review,,2026-08-12 04:05,0,1999
p1474ee29,Zara Singh 13,Z1,parent,0,zara.singh.13@gmail.com,Visited profile,,,,1,
p137d6a87,Sohan Kulkarni 51,S5,student,0,sohan.kulkarni.51@gmail.com,From chat share,,,,0,
pd6d2ecb3,Nisha Desai 78,N7,parent,0,nisha.desai.78@gmail.com,Recommended match,,,,1,
p9f8a5fe4,Ayaan Khan 3,A3,student,0,ayaan.khan.3@gmail.com,Recommended match,,,,0,
p4397041d,Nisha Malhotra,NM,parent,0,nisha.malhotra@gmail.com,From Community,,,,0,
p6f1970e5,Aditi Banerjee 23,A2,student,0,aditi.banerjee.23@gmail.com,Visited profile,,,,0,
pf198973b,Kavita Nair 37,K3,student,0,kavita.nair.37@gmail.com,Visited profile,,,,0,
p8e0462cc,Ishaan Malhotra,IM,student,0,ishaan.malhotra@gmail.com,Recommended match,,,,1,
pb1bf49ac,Ravi Rao,RR,student,0,ravi.rao@gmail.com,Visited profile,,,,0,
p6b81cd09,Diya Joshi 37,D3,student,0,diya.joshi.37@gmail.com,Visited profile,,,,0,
p2607047f,Harsh Pillai 2,H2,student,0,harsh.pillai.2@gmail.com,Recommended match,,,,1,
p636647e0,Tanvi Verma 39,T3,student,1,tanvi.verma.39@gmail.com,From chat share,Visa readiness,,2026-09-13 16:15,0,1999
p5fe678f8,Myra Sharma,MS,student,0,myra.sharma@gmail.com,From Community,,,,0,
p8ed7ec61,Dhruv Bose,DB,student,0,dhruv.bose@gmail.com,Visited profile,,,,0,
pa5cad9ad,Yash Jain 77,Y7,student,0,yash.jain.77@gmail.com,Visited profile,,,,0,
p9101a277,Anika Chawla,AC,student,0,anika.chawla@gmail.com,From chat share,,,,0,
pee4d241f,Sana Singh 47,S4,student,1,sana.singh.47@gmail.com,Recommended match,,,2026-09-01 04:55,1,1999
pcbc39c3e,Ravi Patel,RP,student,0,ravi.patel@gmail.com,From chat share,,,,1,
p25059d9a,Om Gupta 42,O4,student,0,om.gupta.42@gmail.com,From chat share,,,,0,
pef8b9a35,Vivaan Ahuja 26,V2,student,1,vivaan.ahuja.26@gmail.com,From chat share,,,2026-07-15 05:50,0,1999
p3b82884d,Riya Bose,RB,student,0,riya.bose@gmail.com,From Community,,,,0,
p7b1c3a77,Neel Bhat,NB,parent,0,neel.bhat@gmail.com,Recommended match,,,,0,
pc289dda1,Leela Gupta,LG,student,0,leela.gupta@gmail.com,From chat share,,,,0,
p4a160eeb,Sohan Saxena,SS,student,0,sohan.saxena@gmail.com,Recommended match,,,,0,
pbaff50b3,Myra Saxena,MS,student,1,myra.saxena@gmail.com,From chat share,,,2026-07-02 20:35,0,1999
p2733553a,Harsh Bose,HB,student,1,harsh.bose@gmail.com,From Community,Pathway consult,,2026-08-18 11:05,0,1999
p29d75690,Tara Kapoor 66,T6,student,0,tara.kapoor.66@gmail.com,Visited profile,,,,0,
pb05ac10e,Yash Das,YD,student,0,yash.das@gmail.com,From chat share,,,,0,
p626f4e5e,Aarav Ahuja,AA,student,0,aarav.ahuja@gmail.com,Recommended match,,,,0,
pa86488f7,Reyansh Saxena,RS,student,0,reyansh.saxena@gmail.com,Recommended match,,,,1,
pfa9ae4c6,Sneha Banerjee,SB,student,1,sneha.banerjee@gmail.com,From Community,Pathway consult,,2026-09-02 08:10,0,1999
pb4d8b8c1,Rahul Joshi,RJ,student,0,rahul.joshi@gmail.com,Recommended match,,,,1,
pc0806cf1,Isha Pillai 89,I8,student,1,isha.pillai.89@gmail.com,Recommended match,SOP review,,2026-08-30 19:05,0,1999
pf8197a19,Anika Malhotra,AM,parent,0,anika.malhotra@gmail.com,From Community,,,,1,
pd159409a,Aarav Iyer,AI,student,1,aarav.iyer@gmail.com,Visited profile,,,2026-09-19 01:50,0,1999
pddbb5e65,Tara Kulkarni,TK,student,0,tara.kulkarni@gmail.com,Visited profile,,,,0,
p469ad4f9,Myra Kapoor 52,M5,parent,1,myra.kapoor.52@gmail.com,Recommended match,Visa readiness,For Aisha Das,2026-08-05 10:30,0,1999
p1821db5d,Karan Sharma 48,K4,student,0,karan.sharma.48@gmail.com,From chat share,,,,0,
p3852dcf5,Diya Reddy 54,D5,parent,0,diya.reddy.54@gmail.com,From Community,,,,0,
p033f04e8,Kabir Pillai,KP,student,0,kabir.pillai@gmail.com,From Community,,,,1,
p61cf133f,Dhruv Trivedi 47,D4,student,0,dhruv.trivedi.47@gmail.com,Recommended match,,,,0,
pc53a1048,Ira Jain,IJ,parent,0,ira.jain@gmail.com,From chat share,,,,0,
p0453a5a4,Neel Saxena,NS,parent,0,neel.saxena@gmail.com,From chat share,,,,0,
p05b7fb65,Aisha Banerjee 75,A7,student,0,aisha.banerjee.75@gmail.com,Visited profile,,,,1,
p22629436,Karan Bose 42,K4,student,0,karan.bose.42@gmail.com,From Community,,,,0,
pb0e5bc70,Kabira Patel 36,K3,student,0,kabira.patel.36@gmail.com,From chat share,,,,0,
pcee3d31c,Vivaan Pillai,VP,student,0,vivaan.pillai@gmail.com,Recommended match,,,,1,
pfd90d55e,Meera Nanda,MN,student,0,meera.nanda@gmail.com,Visited profile,,,,0,
p55c6b0f7,Naina Kulkarni 12,N1,student,0,naina.kulkarni.12@gmail.com,From chat share,,,,1,
p199af3df,Sneha Rao 8,S8,parent,0,sneha.rao.8@gmail.com,Visited profile,,,,0,
pf83dc512,Ravi Das 35,R3,student,1,ravi.das.35@gmail.com,From chat share,,,2026-09-23 16:00,0,1999
p14906e32,Aditi Bose 96,A9,student,0,aditi.bose.96@gmail.com,From chat share,,,,1,
p922a9588,Kavita Reddy,KR,parent,0,kavita.reddy@gmail.com,Recommended match,,,,0,
pbf5891e6,Sneha Khan,SK,student,0,sneha.khan@gmail.com,Visited profile,,,,0,
p682379a4,Ira Nanda,IN,student,0,ira.nanda@gmail.com,From Community,,,,1,
p59a6ead7,Zara Khan,ZK,student,0,zara.khan@gmail.com,Recommended match,,,,0,
pa896d5db,Manav Chawla,MC,student,0,manav.chawla@gmail.com,Visited profile,,,,0,
pdd299fdb,Tara Bose 13,T1,student,0,tara.bose.13@gmail.com,Visited profile,,,,0,
pfd3a201c,Arjun Reddy 2,A2,student,0,arjun.reddy.2@gmail.com,Visited profile,,,,1,
p5feb8988,Nisha Gupta,NG,student,0,nisha.gupta@gmail.com,Recommended match,,,,0,
p769a769a,Anvi Gupta 40,A4,parent,0,anvi.gupta.40@gmail.com,Recommended match,,,,0,
p4e56a8f1,Aditi Menon,AM,parent,0,aditi.menon@gmail.com,From Community,,,,0,
p25669239,Veer Singh 52,V5,student,0,veer.singh.52@gmail.com,Visited profile,,,,0,
p44a0c6fd,Anika Bose 35,A3,parent,0,anika.bose.35@gmail.com,From Community,,,,0,
p2c4ddc07,Reyansh Menon 90,R9,student,0,reyansh.menon.90@gmail.com,Visited profile,,,,0,
p42d4a5ad,Vikram Singh,VS,student,1,vikram.singh@gmail.com,From chat share,College shortlisting,,2026-08-26 20:15,0,1999
p908dcb09,Reyansh Khan 36,R3,student,0,reyansh.khan.36@gmail.com,From chat share,,,,0,
p70532f53,Neel Kapoor 70,N7,parent,0,neel.kapoor.70@gmail.com,Visited profile,,,,0,
p6fcc8bcd,Isha Desai,ID,student,1,isha.desai@gmail.com,Recommended match,College shortlisting,,2026-07-17 07:15,0,1999
p08bb3b9f,Karan Singh,KS,student,0,karan.singh@gmail.com,Recommended match,,,,0,
p2546c78e,Yash Desai 6,Y6,student,0,yash.desai.6@gmail.com,Visited profile,,,,0,
p7cc8a16a,Jia Sharma 52,J5,parent,0,jia.sharma.52@gmail.com,Recommended match,,,,1,
pb7629586,Priya Ghosh,PG,student,1,priya.ghosh@gmail.com,Recommended match,,,2026-09-23 16:00,0,1999
p70a653bf,Anika Bhat,AB,student,0,anika.bhat@gmail.com,Visited profile,,,,0,
p26b9bac8,Kabir Khan,KK,student,1,kabir.khan@gmail.com,Visited profile,,,2026-07-20 15:00,1,1999
p80ea866a,Anika Ahuja 41,A4,student,1,anika.ahuja.41@gmail.com,Recommended match,,,2026-08-31 13:20,0,1999
pfb6c60e8,Veer Verma 17,V1,student,0,veer.verma.17@gmail.com,Recommended match,,,,1,
p2198461e,Jia Saxena 87,J8,student,1,jia.saxena.87@gmail.com,Visited profile,,,2026-09-20 09:35,0,1999
p74bb30c7,Kavita Menon 37,K3,student,0,kavita.menon.37@gmail.com,From chat share,,,,1,
padb63d25,Sohan Pillai,SP,student,0,sohan.pillai@gmail.com,From chat share,,,,0,
pc6c26851,Rahul Bhat 13,R1,student,0,rahul.bhat.13@gmail.com,From Community,,,,0,
p25816d13,Karan Agarwal,KA,student,0,karan.agarwal@gmail.com,Recommended match,,,,1,
p44d4a3aa,Diya Chawla 21,D2,student,0,diya.chawla.21@gmail.com,Visited profile,,,,1,
p3eb70295,Aditi Mehta 73,A7,student,0,aditi.mehta.73@gmail.com,From Community,,,,0,
p5689c260,Ira Kulkarni,IK,student,0,ira.kulkarni@gmail.com,Visited profile,,,,0,
p15df440c,Isha Sharma,IS,student,0,isha.sharma@gmail.com,Recommended match,,,,0,
p63b55549,Nisha Rao 91,N9,student,0,nisha.rao.91@gmail.com,From Community,,,,0,
p04db212b,Sana Kulkarni,SK,student,0,sana.kulkarni@gmail.com,From Community,,,,0,
pae8a099d,Veer Iyer,VI,parent,1,veer.iyer@gmail.com,Visited profile,Visa readiness,,2026-09-19 04:10,0,1999
pc81d7dd0,Dhruv Chawla,DC,student,0,dhruv.chawla@gmail.com,Recommended match,,,,0,
p3e666b34,Reyansh Saxena 48,R4,student,0,reyansh.saxena.48@gmail.com,Visited profile,,,,0,
pd28f8c6d,Leela Rao,LR,student,1,leela.rao@gmail.com,From chat share,,,2026-08-26 16:40,0,1999
pb3b5afa5,Neel Banerjee 38,N3,student,0,neel.banerjee.38@gmail.com,Recommended match,,,,1,
p9edd5c02,Manav Ahuja 10,M1,parent,0,manav.ahuja.10@gmail.com,From chat share,,,,1,
pf0120b91,Sohan Malhotra,SM,parent,1,sohan.malhotra@gmail.com,Recommended match,Parent consult,,2026-09-23 16:00,0,1999
p8e100e7b,Manav Banerjee 91,M9,student,1,manav.banerjee.91@gmail.com,Recommended match,Parent consult,,2026-09-23 16:00,1,1999
p9bddd1af,Riya Chawla,RC,student,0,riya.chawla@gmail.com,Recommended match,,,,1,
p12714410,Aisha Kapoor,AK,student,0,aisha.kapoor@gmail.com,Visited profile,,,,0,
pc0f50e0b,Rahul Menon 92,R9,parent,0,rahul.menon.92@gmail.com,From Community,,,,0,
pfdb9975d,Kiara Nair 40,K4,parent,1,kiara.nair.40@gmail.com,Recommended match,College shortlisting,,2026-09-23 10:05,0,1999
pb653815a,Kabir Malhotra 69,K6,student,0,kabir.malhotra.69@gmail.com,Visited profile,,,,0,
p042b7f0f,Veer Kulkarni 73,V7,student,1,veer.kulkarni.73@gmail.com,From chat share,,,2026-07-11 09:05,0,1999
pa55c9728,Yash Desai 87,Y8,student,1,yash.desai.87@gmail.com,From chat share,,,2026-07-26 11:50,0,1999
pfc37610b,Kriti Mehta,KM,student,0,kriti.mehta@gmail.com,Visited profile,,,,0,
p894dd9e3,Diya Jain 42,D4,student,0,diya.jain.42@gmail.com,Visited profile,,,,0,
pb2cc7d45,Pooja Bhat 83,P8,student,0,pooja.bhat.83@gmail.com,From Community,,,,0,
pc6b72191,Myra Rao 29,M2,student,0,myra.rao.29@gmail.com,Recommended match,,,,0,
p4e46f5b2,Rahul Khan 59,R5,student,1,rahul.khan.59@gmail.com,From Community,Visa readiness,,2026-09-05 12:10,0,1999
pb20b9dd0,Manav Nanda,MN,student,0,manav.nanda@gmail.com,Recommended match,,,,0,
pce140c21,Aditi Malhotra,AM,student,1,aditi.malhotra@gmail.com,Recommended match,,,2026-08-19 02:45,0,1999
p43d4b531,Vikram Agarwal,VA,student,0,vikram.agarwal@gmail.com,Visited profile,,,,0,
p740a68e2,Neel Das,ND,parent,0,neel.das@gmail.com,Recommended match,,,,1,
pa492d5e2,Rahul Jain 76,R7,student,0,rahul.jain.76@gmail.com,From Community,,,,0,
p5870d5dd,Myra Patel 74,M7,student,0,myra.patel.74@gmail.com,From chat share,,,,0,
p7e9115b0,Sneha Iyer 64,S6,student,0,sneha.iyer.64@gmail.com,From chat share,,,,0,
p7d94a0b8,Ananya Banerjee,AB,student,1,ananya.banerjee@gmail.com,From Community,,,2026-09-07 02:55,0,1999
p3c1fb773,Dhruv Kapoor 44,D4,student,0,dhruv.kapoor.44@gmail.com,Visited profile,,,,0,
paf652ccd,Dev Saxena,DS,student,0,dev.saxena@gmail.com,From Community,,,,0,
p67eae886,Aarav Chawla 82,A8,student,0,aarav.chawla.82@gmail.com,Visited profile,,,,1,
pc5d570f4,Tara Pillai,TP,parent,0,tara.pillai@gmail.com,From chat share,,,,1,
p62694e37,Jia Ahuja 95,J9,student,0,jia.ahuja.95@gmail.com,From chat share,,,,0,
kabir,Kabir Malhotra,KM,student,1,kabir.m@gmail.com,Visited profile,Applications,,2026-09-10 13:40,0,1999
rohan,Rohan Desai,RD,student,1,rohan.d@gmail.com,From Community,Visa readiness,,2026-08-15 11:00,0,1999
